name,address,operator,source_url,lat,lon,geocode_source
Carewest George Boyack,"1203 Centre Avenue NE, Calgary, AB T2E 0A5",Carewest (AHS subsidiary),https://carewest.ca/dir/wp-content/uploads/2023/11/Carewest-Facilities-Nov.-2023.pdf,,,
Carewest Garrison Green,"3108 Don Ethell Blvd SW, Calgary, AB T3E 6Z5",Carewest (AHS subsidiary),https://carewest.ca/dir/wp-content/uploads/2023/11/Carewest-Facilities-Nov.-2023.pdf,51.00486024867927,-114.12838342470252,City Parcel Address 9zvu-p8uz
Carewest Colonel Belcher,"1939 Veterans Way NW, Calgary, AB T3B 5Y8",Carewest (AHS subsidiary),https://carewest.ca/dir/wp-content/uploads/2023/11/Carewest-Facilities-Nov.-2023.pdf,,,
Carewest Signal Pointe,"6363 Simcoe Road SW, Calgary, AB T3H 4M3",Carewest (AHS subsidiary),https://carewest.ca/dir/wp-content/uploads/2023/11/Carewest-Facilities-Nov.-2023.pdf,51.0351736668263,-114.18253045604772,City Parcel Address 9zvu-p8uz
Carewest Royal Park,"4222 Sarcee Road SW, Calgary, AB T3E 7J8",Carewest (AHS subsidiary),https://carewest.ca/dir/wp-content/uploads/2023/11/Carewest-Facilities-Nov.-2023.pdf,,,
Carewest Dr. Vernon Fanning Centre,"722 16th Avenue NE, Calgary, AB T2E 6V7",Carewest (AHS subsidiary),https://carewest.ca/dir/wp-content/uploads/2023/11/Carewest-Facilities-Nov.-2023.pdf,51.067279987487666,-114.04553748280178,City Parcel Address 9zvu-p8uz
Carewest Rouleau Manor,"2206 2nd Street SW, Calgary, AB T2S 3C1",Carewest (AHS subsidiary),https://carewest.ca/dir/wp-content/uploads/2023/11/Carewest-Facilities-Nov.-2023.pdf,,,
Carewest Glenmore Park,"6909 14th Street SW, Calgary, AB T2V 1P8",Carewest (AHS subsidiary),https://carewest.ca/dir/wp-content/uploads/2023/11/Carewest-Facilities-Nov.-2023.pdf,,,
Bethany Calgary,"916 18A Street NW, Calgary, AB T2N 1C6",Bethany Care Society,https://www.albertahealthservices.ca/FindHealth/facility.aspx?id=564,51.06061842648501,-114.10367087252224,City Parcel Address 9zvu-p8uz
Bethany Harvest Hills,"19 Harvest Gold Manor NE, Calgary, AB T3K 4Y1",Bethany Care Society,https://www.albertahealthservices.ca/FindHealth/facility.aspx?id=567,51.14239163931184,-114.0656855851413,City Parcel Address 9zvu-p8uz
Bethany Riverview,"2915 26 Avenue SE, Calgary, AB T2B 2W6",Bethany Care Society,https://www.albertahealthservices.ca/FindHealth/facility.aspx?id=1066329,51.03036251778992,-113.99114502185128,City Parcel Address 9zvu-p8uz
Wentworth Manor,"5717 14 Avenue SW, Calgary, AB T3H 3M2",The Brenda Strafford Foundation,https://www.albertahealthservices.ca/findhealth/facility.aspx?id=1026302,51.039678149237496,-114.17020796779973,City Parcel Address 9zvu-p8uz
Bow View Manor,"4628 Montgomery Boulevard NW, Calgary, AB T3B 0K7",The Brenda Strafford Foundation,https://albertahealthservices.ca/findhealth/facility.aspx?id=1002427,51.06830121295928,-114.16407938989246,City Parcel Address 9zvu-p8uz
AgeCare Walden Heights,"250 Walden Drive SE, Calgary, AB T2X 0V1",AgeCare,https://www.albertahealthservices.ca/findhealth/Facility.aspx?id=1057527,50.87395114895584,-114.03691314832592,City Parcel Address 9zvu-p8uz
Father Lacombe Care Centre,"270 Providence Boulevard SE, Calgary, AB T2X 0V6",Father Lacombe Care Society,https://www.albertahealthservices.ca/FindHealth/facility.aspx?id=1002425,50.92145700574691,-114.0619185196873,City Parcel Address 9zvu-p8uz
Intercare Brentwood Care Centre,"2727 16 Avenue NW, Calgary, AB T2N 3Y6",Intercare Corporate Group,https://www.albertahealthservices.ca/findhealth/facility.aspx?id=1626,51.06773821042931,-114.12502067068796,City Parcel Address 9zvu-p8uz
Intercare Chinook Care Centre,"1261 Glenmore Trail SW, Calgary, AB T2V 4Y8",Intercare Corporate Group,https://www.albertahealthservices.ca/FindHealth/facility.aspx?id=1627,50.993801238075875,-114.08987657583091,City Parcel Address 9zvu-p8uz
