year,code,age_range,males,females,other
2019,ABB,0-4,191,175,0
2019,ABB,5-14,527,419,0
2019,ABB,15-19,193,168,0
2019,ABB,20-24,185,148,0
2019,ABB,25-34,407,428,0
2019,ABB,35-44,503,501,0
2019,ABB,45-54,399,393,0
2019,ABB,55-64,397,395,0
2019,ABB,65-74,187,204,0
2019,ABB,75+,67,64,0
2019,ABP,0-4,0,0,0
2019,ACA,0-4,296,243,0
2019,ACA,5-14,477,437,6
2019,ACA,15-19,215,193,0
2019,ACA,20-24,263,239,7
2019,ACA,25-34,877,782,0
2019,ACA,35-44,892,814,0
2019,ACA,45-54,691,642,6
2019,ACA,55-64,776,761,0
2019,ACA,65-74,439,492,0
2019,ACA,75+,384,568,0
2019,ALB,0-4,286,291,0
2019,ALB,5-14,412,369,0
2019,ALB,15-19,163,151,0
2019,ALB,20-24,219,199,0
2019,ALB,25-34,736,698,0
2019,ALB,35-44,653,567,0
2019,ALB,45-54,465,420,0
2019,ALB,55-64,405,330,0
2019,ALB,65-74,172,192,0
2019,ALB,75+,116,143,0
2019,ALT,0-4,268,263,0
2019,ALT,5-14,486,472,0
2019,ALT,15-19,162,172,0
2019,ALT,20-24,139,182,0
2019,ALT,25-34,527,631,0
2019,ALT,35-44,714,672,0
2019,ALT,45-54,535,550,0
2019,ALT,55-64,342,337,0
2019,ALT,65-74,159,160,0
2019,ALT,75+,62,96,0
2019,APP,0-4,217,214,0
2019,APP,5-14,459,390,0
2019,APP,15-19,251,208,0
2019,APP,20-24,300,245,0
2019,APP,25-34,442,451,0
2019,APP,35-44,585,567,0
2019,APP,45-54,479,512,0
2019,APP,55-64,499,489,8
2019,APP,65-74,213,236,0
2019,APP,75+,95,107,0
2019,ARB,0-4,216,225,0
2019,ARB,5-14,575,541,0
2019,ARB,15-19,426,397,0
2019,ARB,20-24,373,342,0
2019,ARB,25-34,516,496,0
2019,ARB,35-44,610,678,0
2019,ARB,45-54,840,908,0
2019,ARB,55-64,726,756,7
2019,ARB,65-74,497,581,0
2019,ARB,75+,389,498,0
2019,ASP,0-4,327,347,0
2019,ASP,5-14,960,870,6
2019,ASP,15-19,343,323,0
2019,ASP,20-24,194,194,0
2019,ASP,25-34,441,524,0
2019,ASP,35-44,860,1015,0
2019,ASP,45-54,841,803,0
2019,ASP,55-64,443,380,0
2019,ASP,65-74,147,178,0
2019,ASP,75+,94,133,0
2019,AUB,0-4,911,906,8
2019,AUB,5-14,1762,1583,0
2019,AUB,15-19,409,399,0
2019,AUB,20-24,287,306,0
2019,AUB,25-34,1475,1745,12
2019,AUB,35-44,2055,2046,8
2019,AUB,45-54,1026,868,11
2019,AUB,55-64,466,517,0
2019,AUB,65-74,246,331,0
2019,AUB,75+,85,130,0
2019,AYB,0-4,0,0,0
2019,AYB,5-14,0,0,0
2019,AYB,15-19,0,0,0
2019,AYB,20-24,0,0,0
2019,AYB,25-34,0,0,0
2019,AYB,35-44,0,0,0
2019,AYB,45-54,0,0,0
2019,AYB,55-64,0,0,0
2019,AYB,65-74,0,0,0
2019,AYB,75+,0,0,0
2019,BDO,0-4,31,28,0
2019,BDO,5-14,49,45,0
2019,BDO,15-19,22,12,0
2019,BDO,20-24,20,15,0
2019,BDO,25-34,66,61,0
2019,BDO,35-44,100,84,0
2019,BDO,45-54,63,59,0
2019,BDO,55-64,66,75,0
2019,BDO,65-74,46,37,0
2019,BDO,75+,25,21,0
2019,BED,0-4,357,345,0
2019,BED,5-14,762,708,6
2019,BED,15-19,281,255,0
2019,BED,20-24,360,334,0
2019,BED,25-34,860,856,7
2019,BED,35-44,898,901,0
2019,BED,45-54,716,722,0
2019,BED,55-64,776,879,0
2019,BED,65-74,485,522,0
2019,BED,75+,235,226,0
2019,BEL,0-4,0,0,0
2019,BEL,5-14,22,29,0
2019,BEL,15-19,17,13,0
2019,BEL,20-24,7,10,0
2019,BEL,25-34,9,9,0
2019,BEL,35-44,15,14,0
2019,BEL,45-54,26,36,0
2019,BEL,55-64,43,48,0
2019,BEL,65-74,29,25,0
2019,BEL,75+,16,13,0
2019,BLM,0-4,6,0,0
2019,BLM,5-14,0,0,0
2019,BLM,15-19,0,0,0
2019,BLM,20-24,0,0,0
2019,BLM,25-34,13,16,0
2019,BLM,35-44,10,8,0
2019,BLM,45-54,0,0,0
2019,BLM,55-64,0,0,0
2019,BLM,65-74,0,0,0
2019,BLM,75+,0,0,0
2019,BLN,0-4,62,52,0
2019,BLN,0-4,272,253,0
2019,BLN,5-14,237,217,0
2019,BLN,5-14,44,57,14
2019,BLN,15-19,37,34,0
2019,BLN,15-19,111,88,0
2019,BLN,20-24,517,691,10
2019,BLN,20-24,384,347,0
2019,BLN,25-34,1881,1442,568
2019,BLN,25-34,3571,3490,63
2019,BLN,35-44,866,555,37
2019,BLN,35-44,2202,1634,48
2019,BLN,45-54,408,277,11
2019,BLN,45-54,879,654,8
2019,BLN,55-64,541,451,0
2019,BLN,55-64,280,203,7
2019,BLN,65-74,154,132,0
2019,BLN,65-74,331,333,0
2019,BLN,75+,115,155,0
2019,BLN,75+,148,237,0
2019,BNF,0-4,85,84,0
2019,BNF,5-14,167,146,0
2019,BNF,15-19,88,89,0
2019,BNF,20-24,439,298,31
2019,BNF,25-34,651,423,16
2019,BNF,35-44,299,261,0
2019,BNF,45-54,197,186,0
2019,BNF,55-64,166,162,0
2019,BNF,65-74,105,114,0
2019,BNF,75+,58,82,0
2019,BNK,0-4,84,83,0
2019,BNK,5-14,116,110,0
2019,BNK,15-19,44,43,0
2019,BNK,20-24,185,211,0
2019,BNK,25-34,902,966,0
2019,BNK,35-44,638,534,0
2019,BNK,45-54,335,269,0
2019,BNK,55-64,235,183,0
2019,BNK,65-74,117,109,0
2019,BNK,75+,30,45,0
2019,BOW,0-4,303,344,0
2019,BOW,5-14,552,548,0
2019,BOW,15-19,248,188,0
2019,BOW,20-24,299,314,0
2019,BOW,25-34,988,969,7
2019,BOW,35-44,918,870,6
2019,BOW,45-54,753,660,0
2019,BOW,55-64,780,750,6
2019,BOW,65-74,461,516,0
2019,BOW,75+,245,407,0
2019,BRA,0-4,195,167,0
2019,BRA,5-14,294,308,0
2019,BRA,15-19,139,125,0
2019,BRA,20-24,144,144,0
2019,BRA,25-34,391,400,0
2019,BRA,35-44,497,494,0
2019,BRA,45-54,351,370,0
2019,BRA,55-64,399,431,0
2019,BRA,65-74,274,323,0
2019,BRA,75+,158,181,0
2019,BRD,0-4,217,200,0
2019,BRD,5-14,226,206,0
2019,BRD,15-19,45,53,0
2019,BRD,20-24,114,162,0
2019,BRD,25-34,832,903,6
2019,BRD,35-44,617,599,0
2019,BRD,45-54,376,311,0
2019,BRD,55-64,358,344,0
2019,BRD,65-74,274,408,0
2019,BRD,75+,214,363,0
2019,BRE,0-4,198,167,0
2019,BRE,5-14,348,291,0
2019,BRE,15-19,180,183,0
2019,BRE,20-24,490,536,0
2019,BRE,25-34,646,545,0
2019,BRE,35-44,584,529,0
2019,BRE,45-54,337,370,0
2019,BRE,55-64,362,377,0
2019,BRE,65-74,252,293,0
2019,BRE,75+,249,314,0
2019,BRI,0-4,453,465,0
2019,BRI,5-14,1007,1040,7
2019,BRI,15-19,466,422,0
2019,BRI,20-24,307,320,0
2019,BRI,25-34,789,832,0
2019,BRI,35-44,1219,1314,0
2019,BRI,45-54,1006,947,0
2019,BRI,55-64,564,578,0
2019,BRI,65-74,283,339,0
2019,BRI,75+,115,142,0
2019,BRT,0-4,0,8,0
2019,BRT,5-14,39,35,0
2019,BRT,15-19,28,23,0
2019,BRT,20-24,23,20,0
2019,BRT,25-34,25,24,0
2019,BRT,35-44,25,30,0
2019,BRT,45-54,48,55,0
2019,BRT,55-64,79,72,0
2019,BRT,65-74,53,56,0
2019,BRT,75+,20,22,0
2019,BUR,0-4,0,0,0
2019,BUR,5-14,0,0,0
2019,BUR,15-19,0,0,0
2019,BUR,20-24,0,0,0
2019,BUR,25-34,0,0,0
2019,BUR,35-44,0,0,0
2019,BUR,45-54,0,0,0
2019,BUR,55-64,0,0,0
2019,BUR,65-74,0,0,0
2019,BUR,75+,0,0,0
2019,BVD,0-4,0,0,0
2019,BVD,5-14,0,0,0
2019,BVD,15-19,0,0,0
2019,BVD,20-24,0,0,0
2019,BVD,25-34,0,0,0
2019,BVD,35-44,0,0,0
2019,BVD,45-54,0,0,0
2019,BVD,55-64,0,0,0
2019,BVD,65-74,0,0,0
2019,BVD,75+,0,0,0
2019,BYV,0-4,8,6,0
2019,BYV,5-14,51,45,0
2019,BYV,15-19,26,45,0
2019,BYV,20-24,21,24,0
2019,BYV,25-34,23,17,0
2019,BYV,35-44,43,56,0
2019,BYV,45-54,46,49,0
2019,BYV,55-64,57,63,0
2019,BYV,65-74,57,52,0
2019,BYV,75+,27,35,0
2019,CAM,0-4,50,52,0
2019,CAM,5-14,118,105,0
2019,CAM,15-19,50,41,0
2019,CAM,20-24,66,75,0
2019,CAM,25-34,153,151,0
2019,CAM,35-44,146,120,0
2019,CAM,45-54,148,144,0
2019,CAM,55-64,164,165,0
2019,CAM,65-74,71,78,0
2019,CAM,75+,58,77,0
2019,CAN,0-4,190,189,0
2019,CAN,5-14,415,358,0
2019,CAN,15-19,198,198,0
2019,CAN,20-24,229,204,0
2019,CAN,25-34,576,488,0
2019,CAN,35-44,586,573,0
2019,CAN,45-54,486,534,0
2019,CAN,55-64,558,592,0
2019,CAN,65-74,380,426,0
2019,CAN,75+,202,224,0
2019,CAP,0-4,146,130,0
2019,CAP,5-14,260,190,0
2019,CAP,15-19,89,69,0
2019,CAP,20-24,237,223,0
2019,CAP,25-34,569,492,0
2019,CAP,35-44,424,389,0
2019,CAP,45-54,270,258,0
2019,CAP,55-64,269,254,0
2019,CAP,65-74,147,134,0
2019,CAP,75+,81,94,0
2019,CAR,0-4,30,30,0
2019,CAR,5-14,47,33,0
2019,CAR,15-19,15,9,0
2019,CAR,20-24,14,16,0
2019,CAR,25-34,59,65,0
2019,CAR,35-44,61,57,9
2019,CAR,45-54,25,30,0
2019,CAR,55-64,19,21,0
2019,CAR,65-74,12,7,0
2019,CAR,75+,0,7,0
2019,CAS,0-4,171,186,0
2019,CAS,5-14,484,413,12
2019,CAS,15-19,217,176,0
2019,CAS,20-24,248,235,0
2019,CAS,25-34,499,455,18
2019,CAS,35-44,540,537,24
2019,CAS,45-54,379,336,11
2019,CAS,55-64,317,305,0
2019,CAS,65-74,202,201,0
2019,CAS,75+,60,84,0
2019,CED,0-4,203,148,0
2019,CED,5-14,365,354,6
2019,CED,15-19,131,134,0
2019,CED,20-24,143,137,0
2019,CED,25-34,435,410,0
2019,CED,35-44,485,471,0
2019,CED,45-54,368,396,0
2019,CED,55-64,392,490,0
2019,CED,65-74,317,378,0
2019,CED,75+,144,171,0
2019,CGR,0-4,270,227,0
2019,CGR,5-14,788,692,0
2019,CGR,15-19,246,235,0
2019,CGR,20-24,137,144,0
2019,CGR,25-34,343,389,0
2019,CGR,35-44,651,761,0
2019,CGR,45-54,620,628,0
2019,CGR,55-64,267,272,0
2019,CGR,65-74,111,123,0
2019,CGR,75+,40,35,0
2019,CHA,0-4,336,340,0
2019,CHA,5-14,1147,1085,0
2019,CHA,15-19,624,508,0
2019,CHA,20-24,380,340,0
2019,CHA,25-34,545,616,0
2019,CHA,35-44,990,1081,0
2019,CHA,45-54,1155,1177,10
2019,CHA,55-64,666,658,0
2019,CHA,65-74,297,371,0
2019,CHA,75+,144,166,0
2019,CHK,0-4,41,25,0
2019,CHK,5-14,92,91,0
2019,CHK,15-19,56,54,0
2019,CHK,20-24,53,48,0
2019,CHK,25-34,55,66,0
2019,CHK,35-44,97,110,0
2019,CHK,45-54,100,119,0
2019,CHK,55-64,137,135,0
2019,CHK,65-74,109,87,0
2019,CHK,75+,65,115,0
2019,CHN,0-4,26,23,0
2019,CHN,5-14,17,20,0
2019,CHN,15-19,16,7,0
2019,CHN,20-24,48,48,0
2019,CHN,25-34,268,256,0
2019,CHN,35-44,322,243,6
2019,CHN,45-54,131,115,0
2019,CHN,55-64,107,113,0
2019,CHN,65-74,94,107,0
2019,CHN,75+,176,318,0
2019,CHR,0-4,32,36,0
2019,CHR,5-14,105,105,0
2019,CHR,15-19,74,57,0
2019,CHR,20-24,58,67,0
2019,CHR,25-34,70,73,0
2019,CHR,35-44,99,99,0
2019,CHR,45-54,112,137,0
2019,CHR,55-64,177,196,0
2019,CHR,65-74,148,148,0
2019,CHR,75+,131,197,0
2019,CHV,0-4,58,54,0
2019,CHV,5-14,77,83,0
2019,CHV,15-19,40,37,0
2019,CHV,20-24,45,55,0
2019,CHV,25-34,211,195,0
2019,CHV,35-44,202,172,0
2019,CHV,45-54,124,155,0
2019,CHV,55-64,107,154,0
2019,CHV,65-74,156,257,0
2019,CHV,75+,155,252,0
2019,CHW,0-4,95,89,0
2019,CHW,5-14,225,187,0
2019,CHW,15-19,85,81,0
2019,CHW,20-24,147,124,0
2019,CHW,25-34,248,166,0
2019,CHW,35-44,263,257,0
2019,CHW,45-54,230,218,0
2019,CHW,55-64,258,248,0
2019,CHW,65-74,185,175,0
2019,CHW,75+,126,149,0
2019,CIA,0-4,0,0,0
2019,CIA,5-14,0,0,0
2019,CIA,15-19,0,0,0
2019,CIA,20-24,0,0,0
2019,CIA,25-34,0,0,0
2019,CIA,35-44,0,0,0
2019,CIA,45-54,0,0,0
2019,CIA,55-64,0,0,0
2019,CIA,65-74,0,0,0
2019,CIA,75+,0,0,0
2019,CIT,0-4,305,241,0
2019,CIT,5-14,689,699,7
2019,CIT,15-19,386,374,7
2019,CIT,20-24,315,276,0
2019,CIT,25-34,581,601,0
2019,CIT,35-44,778,851,6
2019,CIT,45-54,849,920,0
2019,CIT,55-64,644,671,0
2019,CIT,65-74,309,307,0
2019,CIT,75+,114,134,0
2019,CLI,0-4,24,17,0
2019,CLI,0-4,0,0,0
2019,CLI,5-14,0,0,0
2019,CLI,5-14,26,29,0
2019,CLI,15-19,17,12,0
2019,CLI,15-19,0,0,0
2019,CLI,20-24,0,0,0
2019,CLI,20-24,74,92,0
2019,CLI,25-34,0,0,0
2019,CLI,25-34,353,405,0
2019,CLI,35-44,0,0,0
2019,CLI,35-44,198,192,0
2019,CLI,45-54,90,74,0
2019,CLI,45-54,0,0,0
2019,CLI,55-64,69,56,0
2019,CLI,55-64,0,0,0
2019,CLI,65-74,58,40,0
2019,CLI,65-74,0,0,0
2019,CLI,75+,20,25,0
2019,CLI,75+,0,0,0
2019,CNS,0-4,136,81,0
2019,CNS,5-14,201,131,0
2019,CNS,15-19,63,65,0
2019,CNS,20-24,74,51,0
2019,CNS,25-34,275,332,0
2019,CNS,35-44,339,254,0
2019,CNS,45-54,137,124,0
2019,CNS,55-64,122,123,0
2019,CNS,65-74,54,64,0
2019,CNS,75+,8,0,0
2019,COA,0-4,75,102,0
2019,COA,5-14,200,172,0
2019,COA,15-19,64,65,0
2019,COA,20-24,67,64,0
2019,COA,25-34,173,193,0
2019,COA,35-44,244,304,7
2019,COA,45-54,197,221,0
2019,COA,55-64,210,263,0
2019,COA,65-74,198,199,0
2019,COA,75+,84,128,0
2019,COL,0-4,55,40,0
2019,COL,5-14,123,151,0
2019,COL,15-19,48,53,0
2019,COL,20-24,88,59,0
2019,COL,25-34,131,125,0
2019,COL,35-44,163,159,0
2019,COL,45-54,151,139,0
2019,COL,55-64,176,189,0
2019,COL,65-74,107,113,0
2019,COL,75+,79,94,0
2019,COP,0-4,0,0,0
2019,COR,0-4,135,114,0
2019,COR,5-14,361,324,0
2019,COR,15-19,208,176,0
2019,COR,20-24,247,173,0
2019,COR,25-34,421,386,0
2019,COR,35-44,385,410,0
2019,COR,45-54,359,402,0
2019,COR,55-64,443,440,0
2019,COR,65-74,266,277,0
2019,COR,75+,134,129,0
2019,COU,0-4,86,107,0
2019,COU,5-14,230,209,0
2019,COU,15-19,127,104,0
2019,COU,20-24,116,122,0
2019,COU,25-34,222,215,0
2019,COU,35-44,286,303,0
2019,COU,45-54,295,316,0
2019,COU,55-64,244,250,0
2019,COU,65-74,156,183,0
2019,COU,75+,80,106,0
2019,COV,0-4,653,626,7
2019,COV,5-14,1560,1460,13
2019,COV,15-19,696,553,6
2019,COV,20-24,550,442,0
2019,COV,25-34,1260,1299,11
2019,COV,35-44,1653,1748,31
2019,COV,45-54,1349,1360,39
2019,COV,55-64,719,691,14
2019,COV,65-74,331,357,7
2019,COV,75+,99,128,0
2019,CPF,0-4,709,642,6
2019,CPF,5-14,1198,1111,8
2019,CPF,15-19,319,323,0
2019,CPF,20-24,304,301,0
2019,CPF,25-34,1471,1537,0
2019,CPF,35-44,1560,1556,0
2019,CPF,45-54,795,699,0
2019,CPF,55-64,383,406,0
2019,CPF,65-74,174,204,0
2019,CPF,75+,50,49,0
2019,CRA,0-4,806,744,0
2019,CRA,5-14,1759,1717,0
2019,CRA,15-19,534,524,0
2019,CRA,20-24,369,381,0
2019,CRA,25-34,1380,1521,7
2019,CRA,35-44,1933,2020,0
2019,CRA,45-54,1433,1315,0
2019,CRA,55-64,930,968,0
2019,CRA,65-74,553,610,0
2019,CRA,75+,177,170,0
2019,CRE,0-4,148,146,0
2019,CRE,5-14,198,180,0
2019,CRE,15-19,78,77,0
2019,CRE,20-24,160,224,0
2019,CRE,25-34,992,942,8
2019,CRE,35-44,709,590,0
2019,CRE,45-54,357,359,0
2019,CRE,55-64,348,336,0
2019,CRE,65-74,187,224,0
2019,CRE,75+,135,204,0
2019,CRM,0-4,76,54,0
2019,CRM,5-14,127,147,0
2019,CRM,15-19,59,44,0
2019,CRM,20-24,26,33,0
2019,CRM,25-34,68,72,0
2019,CRM,35-44,168,197,0
2019,CRM,45-54,168,157,0
2019,CRM,55-64,103,89,0
2019,CRM,65-74,42,33,0
2019,CRM,75+,11,12,0
2019,CSC,0-4,183,147,0
2019,CSC,5-14,261,262,0
2019,CSC,15-19,90,90,0
2019,CSC,20-24,86,84,0
2019,CSC,25-34,295,322,0
2019,CSC,35-44,328,325,0
2019,CSC,45-54,165,151,0
2019,CSC,55-64,79,99,0
2019,CSC,65-74,48,50,0
2019,CSC,75+,16,18,0
2019,CUR,0-4,37,37,0
2019,CUR,5-14,84,67,0
2019,CUR,15-19,18,33,0
2019,CUR,20-24,25,48,0
2019,CUR,25-34,97,135,0
2019,CUR,35-44,136,135,0
2019,CUR,45-54,84,94,0
2019,CUR,55-64,67,65,0
2019,CUR,65-74,29,39,0
2019,CUR,75+,18,12,0
2019,DAL,0-4,205,213,0
2019,DAL,5-14,567,508,9
2019,DAL,15-19,257,216,8
2019,DAL,20-24,368,309,7
2019,DAL,25-34,688,643,11
2019,DAL,35-44,651,649,7
2019,DAL,45-54,490,497,0
2019,DAL,55-64,506,559,7
2019,DAL,65-74,378,455,0
2019,DAL,75+,317,404,0
2019,DBC,0-4,0,0,0
2019,DDG,0-4,159,144,0
2019,DDG,0-4,197,183,0
2019,DDG,5-14,262,209,0
2019,DDG,5-14,426,441,0
2019,DDG,15-19,253,260,0
2019,DDG,15-19,135,136,0
2019,DDG,20-24,237,214,0
2019,DDG,20-24,164,142,0
2019,DDG,25-34,345,349,6
2019,DDG,25-34,370,354,0
2019,DDG,35-44,516,535,0
2019,DDG,35-44,371,376,0
2019,DDG,45-54,579,626,0
2019,DDG,45-54,413,436,0
2019,DDG,55-64,328,330,0
2019,DDG,55-64,769,732,0
2019,DDG,65-74,165,159,0
2019,DDG,65-74,489,497,0
2019,DDG,75+,65,59,0
2019,DDG,75+,216,206,0
2019,DIA,0-4,14,9,0
2019,DIA,5-14,45,33,0
2019,DIA,15-19,17,16,0
2019,DIA,20-24,12,11,0
2019,DIA,25-34,16,18,0
2019,DIA,35-44,37,41,0
2019,DIA,45-54,47,54,0
2019,DIA,55-64,80,76,0
2019,DIA,65-74,70,59,0
2019,DIA,75+,19,16,0
2019,DIS,0-4,49,55,0
2019,DIS,5-14,318,320,0
2019,DIS,15-19,225,193,0
2019,DIS,20-24,143,110,0
2019,DIS,25-34,118,124,0
2019,DIS,35-44,204,256,0
2019,DIS,45-54,450,485,0
2019,DIS,55-64,352,353,0
2019,DIS,65-74,160,185,0
2019,DIS,75+,81,92,0
2019,DNC,0-4,15,11,0
2019,DNC,0-4,195,190,9
2019,DNC,5-14,6,6,0
2019,DNC,5-14,167,185,12
2019,DNC,15-19,0,0,0
2019,DNC,15-19,55,65,0
2019,DNC,20-24,18,24,0
2019,DNC,20-24,387,446,19
2019,DNC,25-34,74,91,0
2019,DNC,25-34,1538,1434,42
2019,DNC,35-44,75,72,0
2019,DNC,35-44,746,578,33
2019,DNC,45-54,315,243,0
2019,DNC,45-54,83,52,0
2019,DNC,55-64,111,70,0
2019,DNC,55-64,256,219,0
2019,DNC,65-74,98,114,0
2019,DNC,65-74,132,118,0
2019,DNC,75+,56,107,0
2019,DNC,75+,60,135,0
2019,DNE,0-4,43,41,0
2019,DNE,5-14,16,24,0
2019,DNE,15-19,22,29,0
2019,DNE,20-24,184,135,0
2019,DNE,25-34,698,515,6
2019,DNE,35-44,467,225,0
2019,DNE,45-54,207,160,0
2019,DNE,55-64,263,171,0
2019,DNE,65-74,285,185,0
2019,DNE,75+,116,89,0
2019,DNW,0-4,75,76,0
2019,DNW,5-14,50,78,0
2019,DNW,15-19,26,18,0
2019,DNW,20-24,57,79,0
2019,DNW,25-34,466,423,0
2019,DNW,35-44,293,217,0
2019,DNW,45-54,157,142,0
2019,DNW,55-64,158,153,0
2019,DNW,65-74,111,95,0
2019,DNW,75+,59,45,0
2019,DOV,0-4,286,299,0
2019,DOV,5-14,616,500,0
2019,DOV,15-19,237,213,0
2019,DOV,20-24,265,257,0
2019,DOV,25-34,777,692,0
2019,DOV,35-44,869,778,0
2019,DOV,45-54,712,652,0
2019,DOV,55-64,792,704,0
2019,DOV,65-74,538,568,0
2019,DOV,75+,262,312,0
2019,DRG,0-4,136,133,0
2019,DRG,5-14,259,249,0
2019,DRG,15-19,113,91,0
2019,DRG,20-24,106,93,0
2019,DRG,25-34,258,287,0
2019,DRG,35-44,319,332,0
2019,DRG,45-54,232,277,0
2019,DRG,55-64,225,275,0
2019,DRG,65-74,181,194,0
2019,DRG,75+,72,128,0
2019,DRN,0-4,149,132,0
2019,DRN,5-14,261,276,0
2019,DRN,15-19,120,101,0
2019,DRN,20-24,145,126,0
2019,DRN,25-34,307,293,0
2019,DRN,35-44,373,364,0
2019,DRN,45-54,312,304,0
2019,DRN,55-64,437,467,7
2019,DRN,65-74,350,336,0
2019,DRN,75+,103,94,0
2019,EAG,0-4,7,0,0
2019,EAG,5-14,14,11,0
2019,EAG,15-19,7,11,0
2019,EAG,20-24,12,0,0
2019,EAG,25-34,8,6,0
2019,EAG,35-44,9,12,0
2019,EAG,45-54,23,22,0
2019,EAG,55-64,28,29,0
2019,EAG,65-74,26,29,0
2019,EAG,75+,22,18,0
2019,EAU,0-4,19,16,0
2019,EAU,5-14,13,14,0
2019,EAU,15-19,12,13,0
2019,EAU,20-24,13,19,0
2019,EAU,25-34,80,105,0
2019,EAU,35-44,120,109,0
2019,EAU,45-54,303,293,0
2019,EAU,55-64,249,226,0
2019,EAU,65-74,139,128,0
2019,EAU,75+,69,86,0
2019,EDG,0-4,293,280,0
2019,EDG,5-14,1034,882,21
2019,EDG,15-19,498,470,15
2019,EDG,20-24,490,451,19
2019,EDG,25-34,625,626,49
2019,EDG,35-44,837,916,33
2019,EDG,45-54,1060,1140,32
2019,EDG,55-64,1298,1370,10
2019,EDG,65-74,975,986,12
2019,EDG,75+,438,531,0
2019,EFI,0-4,0,0,0
2019,EFV,0-4,0,0,0
2019,EFV,5-14,0,0,0
2019,EFV,15-19,0,0,0
2019,EFV,20-24,0,0,0
2019,EFV,25-34,0,0,0
2019,EFV,35-44,0,0,0
2019,EFV,45-54,0,0,0
2019,EFV,55-64,0,0,0
2019,EFV,65-74,0,0,0
2019,EFV,75+,0,0,0
2019,EPK,0-4,96,84,0
2019,EPK,5-14,270,293,0
2019,EPK,15-19,132,120,0
2019,EPK,20-24,105,68,0
2019,EPK,25-34,71,85,0
2019,EPK,35-44,199,224,0
2019,EPK,45-54,263,272,0
2019,EPK,55-64,292,282,0
2019,EPK,65-74,160,143,0
2019,EPK,75+,89,80,0
2019,ERI,0-4,253,231,0
2019,ERI,5-14,553,497,0
2019,ERI,15-19,223,204,0
2019,ERI,20-24,208,179,0
2019,ERI,25-34,483,509,0
2019,ERI,35-44,566,611,0
2019,ERI,45-54,535,484,0
2019,ERI,55-64,502,467,0
2019,ERI,65-74,195,198,0
2019,ERI,75+,58,76,0
2019,ERL,0-4,22,27,0
2019,ERL,5-14,27,24,0
2019,ERL,15-19,11,11,0
2019,ERL,20-24,18,17,0
2019,ERL,25-34,171,163,0
2019,ERL,35-44,117,108,0
2019,ERL,45-54,104,85,0
2019,ERL,55-64,102,93,0
2019,ERL,65-74,61,63,0
2019,ERL,75+,17,26,0
2019,ESH,0-4,0,0,0
2019,ESH,5-14,0,0,0
2019,ESH,15-19,0,0,0
2019,ESH,20-24,0,0,0
2019,ESH,25-34,0,0,0
2019,ESH,35-44,0,0,0
2019,ESH,45-54,0,0,0
2019,ESH,55-64,0,0,0
2019,ESH,65-74,0,0,0
2019,ESH,75+,0,0,0
2019,EVE,0-4,669,594,0
2019,EVE,5-14,1811,1644,0
2019,EVE,15-19,668,703,9
2019,EVE,20-24,639,538,0
2019,EVE,25-34,1155,1166,0
2019,EVE,35-44,1669,1965,12
2019,EVE,45-54,1702,1754,16
2019,EVE,55-64,1234,1247,7
2019,EVE,65-74,632,824,0
2019,EVE,75+,351,474,0
2019,EVN,0-4,957,864,10
2019,EVN,5-14,1633,1521,16
2019,EVN,15-19,446,368,0
2019,EVN,20-24,309,330,0
2019,EVN,25-34,1497,1725,20
2019,EVN,35-44,1953,1946,20
2019,EVN,45-54,1021,921,7
2019,EVN,55-64,506,553,11
2019,EVN,65-74,259,341,6
2019,EVN,75+,166,272,0
2019,EYA,0-4,53,47,0
2019,EYA,5-14,111,126,0
2019,EYA,15-19,52,56,0
2019,EYA,20-24,52,40,0
2019,EYA,25-34,109,95,0
2019,EYA,35-44,158,145,0
2019,EYA,45-54,132,121,0
2019,EYA,55-64,120,106,0
2019,EYA,65-74,74,80,0
2019,EYA,75+,32,43,0
2019,FAI,0-4,106,93,0
2019,FAI,5-14,187,184,0
2019,FAI,15-19,76,70,0
2019,FAI,20-24,106,99,0
2019,FAI,25-34,305,277,0
2019,FAI,35-44,283,330,0
2019,FAI,45-54,254,223,0
2019,FAI,55-64,270,244,0
2019,FAI,65-74,140,147,0
2019,FAI,75+,101,147,0
2019,FAL,0-4,437,410,0
2019,FAL,5-14,897,822,0
2019,FAL,15-19,365,306,0
2019,FAL,20-24,381,313,0
2019,FAL,25-34,853,926,0
2019,FAL,35-44,956,858,0
2019,FAL,45-54,662,588,0
2019,FAL,55-64,556,526,0
2019,FAL,65-74,306,303,0
2019,FAL,75+,80,95,0
2019,FHI,0-4,0,0,0
2019,FHI,5-14,0,0,0
2019,FHI,15-19,0,0,0
2019,FHI,20-24,40,0,0
2019,FHI,25-34,44,0,0
2019,FHI,35-44,44,12,0
2019,FHI,45-54,46,0,0
2019,FHI,55-64,48,0,0
2019,FHI,65-74,40,0,0
2019,FHI,75+,0,0,0
2019,FHT,0-4,171,146,0
2019,FHT,5-14,440,368,0
2019,FHT,15-19,218,192,0
2019,FHT,20-24,208,189,0
2019,FHT,25-34,420,444,0
2019,FHT,35-44,634,515,0
2019,FHT,45-54,486,398,6
2019,FHT,55-64,439,380,0
2019,FHT,65-74,231,236,0
2019,FHT,75+,137,221,0
2019,FLI,0-4,0,0,0
2019,FLI,5-14,0,0,0
2019,FLI,15-19,0,0,0
2019,FLI,20-24,7,0,0
2019,FLI,25-34,9,0,0
2019,FLI,35-44,14,6,0
2019,FLI,45-54,16,0,0
2019,FLI,55-64,16,8,0
2019,FLI,65-74,11,6,0
2019,FLI,75+,6,0,0
2019,FLN,0-4,233,220,0
2019,FLN,5-14,500,467,0
2019,FLN,15-19,224,189,0
2019,FLN,20-24,219,218,0
2019,FLN,25-34,605,556,0
2019,FLN,35-44,759,625,0
2019,FLN,45-54,688,459,0
2019,FLN,55-64,635,431,0
2019,FLN,65-74,252,215,0
2019,FLN,75+,129,179,0
2019,FPK,0-4,0,0,0
2019,FRA,0-4,0,0,0
2019,FRA,5-14,0,0,0
2019,FRA,15-19,0,0,0
2019,FRA,20-24,0,0,0
2019,FRA,25-34,0,0,0
2019,FRA,35-44,0,0,0
2019,FRA,45-54,0,0,0
2019,FRA,55-64,0,0,0
2019,FRA,65-74,0,0,0
2019,FRA,75+,0,0,0
2019,FVI,0-4,0,0,0
2019,FVI,5-14,0,0,0
2019,FVI,15-19,0,0,0
2019,FVI,20-24,0,0,0
2019,FVI,25-34,0,0,0
2019,FVI,35-44,0,0,0
2019,FVI,45-54,0,0,0
2019,FVI,55-64,0,0,0
2019,FVI,65-74,0,0,0
2019,FVI,75+,0,0,0
2019,GAG,0-4,76,96,0
2019,GAG,5-14,152,121,0
2019,GAG,15-19,27,37,0
2019,GAG,20-24,29,43,0
2019,GAG,25-34,143,175,0
2019,GAG,35-44,190,211,0
2019,GAG,45-54,111,114,0
2019,GAG,55-64,69,102,0
2019,GAG,65-74,74,114,0
2019,GAG,75+,56,117,0
2019,GAW,0-4,68,88,0
2019,GAW,5-14,184,219,0
2019,GAW,15-19,85,78,0
2019,GAW,20-24,45,39,0
2019,GAW,25-34,158,186,0
2019,GAW,35-44,207,236,0
2019,GAW,45-54,252,281,0
2019,GAW,55-64,160,194,0
2019,GAW,65-74,112,153,0
2019,GAW,75+,115,242,0
2019,GBK,0-4,233,233,0
2019,GBK,5-14,484,430,0
2019,GBK,15-19,174,195,0
2019,GBK,20-24,227,230,0
2019,GBK,25-34,681,677,0
2019,GBK,35-44,592,670,0
2019,GBK,45-54,438,456,0
2019,GBK,55-64,385,452,0
2019,GBK,65-74,216,245,0
2019,GBK,75+,131,276,0
2019,GBP,0-4,0,0,0
2019,GDL,0-4,75,99,0
2019,GDL,5-14,165,161,0
2019,GDL,15-19,80,78,0
2019,GDL,20-24,75,73,0
2019,GDL,25-34,185,194,0
2019,GDL,35-44,204,195,0
2019,GDL,45-54,158,181,0
2019,GDL,55-64,226,217,0
2019,GDL,65-74,123,111,0
2019,GDL,75+,74,88,0
2019,GLA,0-4,195,167,0
2019,GLA,5-14,338,305,0
2019,GLA,15-19,127,136,0
2019,GLA,20-24,207,223,0
2019,GLA,25-34,522,538,0
2019,GLA,35-44,525,504,6
2019,GLA,45-54,400,388,0
2019,GLA,55-64,419,489,0
2019,GLA,65-74,263,306,0
2019,GLA,75+,179,263,0
2019,GPI,0-4,0,0,0
2019,GPK,0-4,0,0,0
2019,GPK,5-14,0,0,0
2019,GPK,15-19,0,0,0
2019,GPK,20-24,0,0,0
2019,GPK,25-34,0,0,0
2019,GPK,35-44,0,0,0
2019,GPK,45-54,0,0,0
2019,GPK,55-64,0,0,0
2019,GPK,65-74,0,0,0
2019,GPK,75+,0,0,0
2019,GRE,0-4,12,15,0
2019,GRE,5-14,26,26,0
2019,GRE,15-19,16,21,0
2019,GRE,20-24,18,16,0
2019,GRE,25-34,43,35,0
2019,GRE,35-44,49,48,0
2019,GRE,45-54,62,64,0
2019,GRE,55-64,102,103,0
2019,GRE,65-74,80,87,0
2019,GRE,75+,37,32,0
2019,GRI,0-4,0,0,0
2019,GRI,5-14,0,0,0
2019,GRI,15-19,0,0,0
2019,GRI,20-24,0,0,0
2019,GRI,25-34,13,0,0
2019,GRI,35-44,12,0,0
2019,GRI,45-54,0,0,0
2019,GRI,55-64,0,0,0
2019,GRI,65-74,24,55,0
2019,GRI,75+,26,73,0
2019,GRV,0-4,88,66,0
2019,GRV,5-14,71,79,0
2019,GRV,15-19,22,24,0
2019,GRV,20-24,52,51,0
2019,GRV,25-34,201,184,0
2019,GRV,35-44,215,207,0
2019,GRV,45-54,133,100,0
2019,GRV,55-64,96,112,0
2019,GRV,65-74,56,61,0
2019,GRV,75+,36,42,0
2019,GTI,0-4,0,0,0
2019,GTI,5-14,0,0,0
2019,GTI,15-19,0,0,0
2019,GTI,20-24,0,0,0
2019,GTI,25-34,0,0,0
2019,GTI,35-44,0,0,0
2019,GTI,45-54,0,0,0
2019,GTI,55-64,0,0,0
2019,GTI,65-74,0,0,0
2019,GTI,75+,0,0,0
2019,HAM,0-4,97,89,0
2019,HAM,5-14,360,326,11
2019,HAM,15-19,271,237,0
2019,HAM,20-24,289,289,0
2019,HAM,25-34,304,256,0
2019,HAM,35-44,294,350,6
2019,HAM,45-54,560,691,9
2019,HAM,55-64,757,766,0
2019,HAM,65-74,478,461,0
2019,HAM,75+,226,232,0
2019,HAR,0-4,169,171,0
2019,HAR,5-14,458,415,7
2019,HAR,15-19,270,225,0
2019,HAR,20-24,323,247,0
2019,HAR,25-34,399,394,7
2019,HAR,35-44,468,520,8
2019,HAR,45-54,644,685,6
2019,HAR,55-64,568,538,0
2019,HAR,65-74,269,322,0
2019,HAR,75+,131,171,0
2019,HAW,0-4,187,152,0
2019,HAW,5-14,515,525,0
2019,HAW,15-19,294,271,0
2019,HAW,20-24,326,283,0
2019,HAW,25-34,466,415,0
2019,HAW,35-44,537,521,0
2019,HAW,45-54,612,707,0
2019,HAW,55-64,830,937,0
2019,HAW,65-74,602,527,0
2019,HAW,75+,227,294,0
2019,HAY,0-4,210,222,0
2019,HAY,5-14,280,312,0
2019,HAY,15-19,123,117,0
2019,HAY,20-24,181,186,0
2019,HAY,25-34,673,623,0
2019,HAY,35-44,641,573,10
2019,HAY,45-54,449,452,0
2019,HAY,55-64,488,529,0
2019,HAY,65-74,280,274,0
2019,HAY,75+,174,270,0
2019,HID,0-4,295,277,0
2019,HID,5-14,837,730,6
2019,HID,15-19,538,455,6
2019,HID,20-24,416,346,6
2019,HID,25-34,625,596,0
2019,HID,35-44,769,864,0
2019,HID,45-54,1041,1139,9
2019,HID,55-64,810,763,0
2019,HID,65-74,397,364,0
2019,HID,75+,118,144,0
2019,HIF,0-4,0,0,0
2019,HIL,0-4,173,182,0
2019,HIL,5-14,282,237,0
2019,HIL,15-19,86,81,0
2019,HIL,20-24,391,311,0
2019,HIL,25-34,720,830,6
2019,HIL,35-44,589,609,0
2019,HIL,45-54,405,432,0
2019,HIL,55-64,337,354,0
2019,HIL,65-74,189,189,0
2019,HIL,75+,59,77,0
2019,HIW,0-4,49,63,0
2019,HIW,5-14,140,132,0
2019,HIW,15-19,49,60,0
2019,HIW,20-24,63,66,0
2019,HIW,25-34,170,177,0
2019,HIW,35-44,199,173,0
2019,HIW,45-54,145,141,0
2019,HIW,55-64,164,168,0
2019,HIW,65-74,83,67,0
2019,HIW,75+,56,78,0
2019,HKS,0-4,0,0,0
2019,HKS,5-14,0,0,0
2019,HKS,15-19,0,0,0
2019,HKS,20-24,0,0,0
2019,HKS,25-34,0,0,0
2019,HKS,35-44,0,0,0
2019,HKS,45-54,0,0,0
2019,HKS,55-64,0,0,0
2019,HKS,65-74,0,0,0
2019,HKS,75+,0,0,0
2019,HOR,0-4,0,0,0
2019,HOR,0-4,0,0,0
2019,HOR,5-14,0,0,0
2019,HOR,5-14,0,0,0
2019,HOR,15-19,0,0,0
2019,HOR,15-19,0,0,0
2019,HOR,20-24,0,0,0
2019,HOR,20-24,0,0,0
2019,HOR,25-34,0,0,0
2019,HOR,25-34,0,0,0
2019,HOR,35-44,0,0,0
2019,HOR,35-44,0,0,0
2019,HOR,45-54,0,0,0
2019,HOR,45-54,0,0,0
2019,HOR,55-64,0,0,0
2019,HOR,55-64,0,0,0
2019,HOR,65-74,0,0,0
2019,HOR,65-74,0,0,0
2019,HOR,75+,0,0,0
2019,HOR,75+,0,0,0
2019,HOU,0-4,53,40,0
2019,HOU,5-14,130,140,0
2019,HOU,15-19,74,66,0
2019,HOU,20-24,83,62,0
2019,HOU,25-34,137,134,0
2019,HOU,35-44,160,168,0
2019,HOU,45-54,169,163,0
2019,HOU,55-64,223,254,0
2019,HOU,65-74,190,237,0
2019,HOU,75+,110,198,0
2019,HPK,0-4,142,140,0
2019,HPK,5-14,167,155,0
2019,HPK,15-19,52,39,0
2019,HPK,20-24,119,98,0
2019,HPK,25-34,364,413,0
2019,HPK,35-44,456,342,0
2019,HPK,45-54,264,221,0
2019,HPK,55-64,243,216,0
2019,HPK,65-74,117,112,0
2019,HPK,75+,62,110,0
2019,HSD,0-4,0,0,0
2019,HSN,0-4,0,0,0
2019,HSN,5-14,0,0,0
2019,HSN,15-19,0,0,0
2019,HSN,20-24,0,0,0
2019,HSN,25-34,0,0,0
2019,HSN,35-44,0,0,0
2019,HSN,45-54,0,0,0
2019,HSN,55-64,0,0,0
2019,HSN,65-74,0,0,0
2019,HSN,75+,0,0,0
2019,HUN,0-4,375,384,7
2019,HUN,5-14,806,736,7
2019,HUN,15-19,316,336,0
2019,HUN,20-24,395,329,0
2019,HUN,25-34,986,936,8
2019,HUN,35-44,982,980,7
2019,HUN,45-54,916,879,7
2019,HUN,55-64,866,934,0
2019,HUN,65-74,545,665,0
2019,HUN,75+,442,564,0
2019,ING,0-4,106,105,0
2019,ING,5-14,133,133,0
2019,ING,15-19,56,45,0
2019,ING,20-24,66,77,0
2019,ING,25-34,421,483,11
2019,ING,35-44,416,379,6
2019,ING,45-54,299,270,0
2019,ING,55-64,292,309,0
2019,ING,65-74,137,138,0
2019,ING,75+,58,71,0
2019,KCA,0-4,294,246,0
2019,KCA,5-14,592,575,0
2019,KCA,15-19,193,167,0
2019,KCA,20-24,159,178,0
2019,KCA,25-34,529,570,0
2019,KCA,35-44,633,646,0
2019,KCA,45-54,517,488,0
2019,KCA,55-64,310,307,0
2019,KCA,65-74,180,179,0
2019,KCA,75+,52,63,0
2019,KEL,0-4,58,58,0
2019,KEL,5-14,118,114,0
2019,KEL,15-19,39,42,0
2019,KEL,20-24,47,51,0
2019,KEL,25-34,109,121,0
2019,KEL,35-44,174,179,0
2019,KEL,45-54,120,105,0
2019,KEL,55-64,153,237,0
2019,KEL,65-74,118,164,0
2019,KEL,75+,101,194,0
2019,KIL,0-4,266,286,0
2019,KIL,5-14,354,335,0
2019,KIL,15-19,112,131,0
2019,KIL,20-24,188,191,0
2019,KIL,25-34,864,944,0
2019,KIL,35-44,826,789,0
2019,KIL,45-54,495,443,0
2019,KIL,55-64,389,396,8
2019,KIL,65-74,204,205,0
2019,KIL,75+,105,137,0
2019,KIN,0-4,175,151,0
2019,KIN,5-14,207,216,0
2019,KIN,15-19,85,83,0
2019,KIN,20-24,115,149,0
2019,KIN,25-34,473,430,0
2019,KIN,35-44,486,460,0
2019,KIN,45-54,315,245,0
2019,KIN,55-64,321,280,0
2019,KIN,65-74,143,152,0
2019,KIN,75+,69,126,0
2019,KSH,0-4,0,0,0
2019,LEG,0-4,330,356,0
2019,LEG,5-14,387,375,0
2019,LEG,15-19,171,153,0
2019,LEG,20-24,212,206,0
2019,LEG,25-34,708,810,0
2019,LEG,35-44,604,600,0
2019,LEG,45-54,369,355,0
2019,LEG,55-64,196,250,0
2019,LEG,65-74,111,141,0
2019,LEG,75+,37,37,0
2019,LIV,0-4,71,68,0
2019,LIV,5-14,79,62,8
2019,LIV,15-19,24,26,6
2019,LIV,20-24,48,33,0
2019,LIV,25-34,212,209,28
2019,LIV,35-44,145,131,15
2019,LIV,45-54,56,61,0
2019,LIV,55-64,51,58,0
2019,LIV,65-74,24,30,0
2019,LIV,75+,9,9,0
2019,LKB,0-4,223,230,0
2019,LKB,5-14,677,595,0
2019,LKB,15-19,310,249,0
2019,LKB,20-24,269,203,0
2019,LKB,25-34,382,358,7
2019,LKB,35-44,674,712,0
2019,LKB,45-54,683,653,0
2019,LKB,55-64,785,835,0
2019,LKB,65-74,609,721,0
2019,LKB,75+,518,582,0
2019,LKV,0-4,144,137,0
2019,LKV,5-14,371,339,0
2019,LKV,15-19,124,145,0
2019,LKV,20-24,148,144,0
2019,LKV,25-34,197,217,0
2019,LKV,35-44,324,360,0
2019,LKV,45-54,372,377,0
2019,LKV,55-64,420,464,0
2019,LKV,65-74,264,272,0
2019,LKV,75+,246,279,0
2019,LMR,0-4,39,42,0
2019,LMR,5-14,27,30,0
2019,LMR,15-19,14,18,0
2019,LMR,20-24,119,128,0
2019,LMR,25-34,671,688,0
2019,LMR,35-44,431,327,0
2019,LMR,45-54,186,176,0
2019,LMR,55-64,154,129,0
2019,LMR,65-74,100,81,0
2019,LMR,75+,39,50,0
2019,LPK,0-4,31,23,0
2019,LPK,5-14,71,54,0
2019,LPK,15-19,237,281,0
2019,LPK,20-24,276,281,0
2019,LPK,25-34,128,179,0
2019,LPK,35-44,142,195,0
2019,LPK,45-54,99,102,0
2019,LPK,55-64,43,68,0
2019,LPK,65-74,53,78,0
2019,LPK,75+,87,187,0
2019,MAC,0-4,113,117,0
2019,MAC,5-14,282,257,0
2019,MAC,15-19,147,145,0
2019,MAC,20-24,144,132,0
2019,MAC,25-34,260,233,0
2019,MAC,35-44,282,322,0
2019,MAC,45-54,320,369,0
2019,MAC,55-64,462,462,0
2019,MAC,65-74,240,244,0
2019,MAC,75+,91,122,0
2019,MAF,0-4,10,7,0
2019,MAF,5-14,29,30,0
2019,MAF,15-19,22,11,0
2019,MAF,20-24,11,10,0
2019,MAF,25-34,13,11,0
2019,MAF,35-44,19,21,0
2019,MAF,45-54,29,39,0
2019,MAF,55-64,53,45,0
2019,MAF,65-74,22,16,0
2019,MAF,75+,11,23,0
2019,MAH,0-4,746,662,0
2019,MAH,5-14,1065,1006,0
2019,MAH,15-19,203,214,0
2019,MAH,20-24,151,193,0
2019,MAH,25-34,1077,1297,10
2019,MAH,35-44,1404,1364,10
2019,MAH,45-54,595,519,0
2019,MAH,55-64,311,337,0
2019,MAH,65-74,193,236,0
2019,MAH,75+,82,98,0
2019,MAL,0-4,197,186,0
2019,MAL,5-14,316,294,0
2019,MAL,15-19,106,102,0
2019,MAL,20-24,201,159,0
2019,MAL,25-34,492,547,0
2019,MAL,35-44,506,437,0
2019,MAL,45-54,394,342,0
2019,MAL,55-64,417,427,0
2019,MAL,65-74,208,219,0
2019,MAL,75+,155,247,0
2019,MAN,0-4,32,35,0
2019,MAN,5-14,28,30,0
2019,MAN,15-19,13,13,0
2019,MAN,20-24,54,43,0
2019,MAN,25-34,167,126,0
2019,MAN,35-44,127,69,0
2019,MAN,45-54,79,42,0
2019,MAN,55-64,57,30,0
2019,MAN,65-74,30,20,0
2019,MAN,75+,18,12,0
2019,MCI,0-4,0,0,0
2019,MCK,0-4,315,298,0
2019,MCK,5-14,972,833,0
2019,MCK,15-19,567,508,0
2019,MCK,20-24,481,424,0
2019,MCK,25-34,633,675,6
2019,MCK,35-44,843,916,8
2019,MCK,45-54,1102,1188,9
2019,MCK,55-64,1144,1134,6
2019,MCK,65-74,513,474,0
2019,MCK,75+,165,178,0
2019,MCT,0-4,674,650,6
2019,MCT,5-14,1393,1361,24
2019,MCT,15-19,482,407,0
2019,MCT,20-24,366,393,0
2019,MCT,25-34,1539,1496,15
2019,MCT,35-44,1861,1869,23
2019,MCT,45-54,1248,1216,9
2019,MCT,55-64,777,894,0
2019,MCT,65-74,441,592,0
2019,MCT,75+,214,322,0
2019,MDH,0-4,0,0,0
2019,MEA,0-4,17,18,0
2019,MEA,5-14,35,29,0
2019,MEA,15-19,9,13,0
2019,MEA,20-24,12,0,0
2019,MEA,25-34,43,41,0
2019,MEA,35-44,63,46,0
2019,MEA,45-54,49,62,0
2019,MEA,55-64,46,50,0
2019,MEA,65-74,34,34,0
2019,MEA,75+,15,22,0
2019,MER,0-4,0,0,0
2019,MID,0-4,191,158,0
2019,MID,5-14,415,375,0
2019,MID,15-19,198,151,0
2019,MID,20-24,168,153,0
2019,MID,25-34,442,449,0
2019,MID,35-44,485,453,0
2019,MID,45-54,355,411,0
2019,MID,55-64,499,627,0
2019,MID,65-74,451,578,0
2019,MID,75+,255,441,0
2019,MIS,0-4,36,32,0
2019,MIS,5-14,22,36,0
2019,MIS,15-19,13,12,0
2019,MIS,20-24,117,158,6
2019,MIS,25-34,825,929,75
2019,MIS,35-44,478,394,28
2019,MIS,45-54,226,194,10
2019,MIS,55-64,196,170,0
2019,MIS,65-74,180,174,0
2019,MIS,75+,109,174,0
2019,MLI,0-4,0,0,0
2019,MLI,5-14,0,0,0
2019,MLI,15-19,0,0,0
2019,MLI,20-24,0,0,0
2019,MLI,25-34,0,0,0
2019,MLI,35-44,0,0,0
2019,MLI,45-54,0,0,0
2019,MLI,55-64,0,0,0
2019,MLI,65-74,0,0,0
2019,MLI,75+,0,0,0
2019,MLR,0-4,188,220,0
2019,MLR,5-14,414,403,0
2019,MLR,15-19,181,173,0
2019,MLR,20-24,198,169,0
2019,MLR,25-34,423,455,0
2019,MLR,35-44,511,510,0
2019,MLR,45-54,471,556,0
2019,MLR,55-64,479,533,0
2019,MLR,65-74,282,333,0
2019,MLR,75+,156,232,0
2019,MNI,0-4,0,0,0
2019,MNI,5-14,0,0,0
2019,MNI,15-19,0,0,0
2019,MNI,20-24,0,0,0
2019,MNI,25-34,0,0,0
2019,MNI,35-44,0,0,0
2019,MNI,45-54,0,0,0
2019,MNI,55-64,0,0,0
2019,MNI,65-74,0,0,0
2019,MNI,75+,0,0,0
2019,MON,0-4,150,137,0
2019,MON,5-14,200,186,0
2019,MON,15-19,92,77,0
2019,MON,20-24,154,163,0
2019,MON,25-34,497,506,0
2019,MON,35-44,388,398,0
2019,MON,45-54,263,267,0
2019,MON,55-64,245,278,0
2019,MON,65-74,141,144,0
2019,MON,75+,86,135,0
2019,MOP,0-4,236,195,6
2019,MOP,5-14,334,303,0
2019,MOP,15-19,111,101,0
2019,MOP,20-24,134,148,0
2019,MOP,25-34,489,491,0
2019,MOP,35-44,639,640,6
2019,MOP,45-54,453,378,7
2019,MOP,55-64,386,325,0
2019,MOP,65-74,166,162,0
2019,MOP,75+,74,96,0
2019,MOR,0-4,306,222,0
2019,MOR,5-14,619,591,0
2019,MOR,15-19,334,341,0
2019,MOR,20-24,365,385,0
2019,MOR,25-34,624,582,0
2019,MOR,35-44,712,736,0
2019,MOR,45-54,682,716,0
2019,MOR,55-64,793,797,0
2019,MOR,65-74,493,520,0
2019,MOR,75+,249,284,0
2019,MPK,0-4,279,274,0
2019,MPK,5-14,604,516,0
2019,MPK,15-19,247,218,0
2019,MPK,20-24,269,243,0
2019,MPK,25-34,570,531,6
2019,MPK,35-44,711,713,0
2019,MPK,45-54,612,541,0
2019,MPK,55-64,589,528,0
2019,MPK,65-74,335,371,0
2019,MPK,75+,171,178,0
2019,MPL,0-4,42,34,0
2019,MPL,5-14,70,111,0
2019,MPL,15-19,60,33,0
2019,MPL,20-24,35,39,0
2019,MPL,25-34,96,86,0
2019,MPL,35-44,121,124,0
2019,MPL,45-54,149,129,0
2019,MPL,55-64,171,177,0
2019,MPL,65-74,106,107,0
2019,MPL,75+,105,117,0
2019,MRL,0-4,323,287,0
2019,MRL,5-14,587,519,0
2019,MRL,15-19,217,215,0
2019,MRL,20-24,284,248,0
2019,MRL,25-34,719,668,0
2019,MRL,35-44,848,695,0
2019,MRL,45-54,643,551,0
2019,MRL,55-64,554,472,0
2019,MRL,65-74,376,430,0
2019,MRL,75+,255,250,0
2019,MRT,0-4,484,378,0
2019,MRT,5-14,1205,895,8
2019,MRT,15-19,482,380,0
2019,MRT,20-24,574,429,8
2019,MRT,25-34,1181,1000,8
2019,MRT,35-44,1339,1451,8
2019,MRT,45-54,1023,962,0
2019,MRT,55-64,710,721,7
2019,MRT,65-74,395,398,0
2019,MRT,75+,86,107,0
2019,NAW,0-4,0,0,0
2019,NAW,5-14,0,0,0
2019,NAW,15-19,0,0,0
2019,NAW,20-24,0,0,0
2019,NAW,25-34,0,0,0
2019,NAW,35-44,0,0,0
2019,NAW,45-54,0,0,0
2019,NAW,55-64,0,0,0
2019,NAW,65-74,0,0,0
2019,NAW,75+,0,0,0
2019,NEB,0-4,700,590,0
2019,NEB,5-14,1216,1189,0
2019,NEB,15-19,308,312,0
2019,NEB,20-24,260,251,0
2019,NEB,25-34,1225,1363,0
2019,NEB,35-44,1502,1488,7
2019,NEB,45-54,802,693,0
2019,NEB,55-64,369,376,0
2019,NEB,65-74,159,186,0
2019,NEB,75+,51,43,0
2019,NGM,0-4,80,63,0
2019,NGM,5-14,161,109,0
2019,NGM,15-19,66,64,0
2019,NGM,20-24,61,63,0
2019,NGM,25-34,151,138,0
2019,NGM,35-44,177,180,0
2019,NGM,45-54,150,168,0
2019,NGM,55-64,183,163,0
2019,NGM,65-74,95,113,0
2019,NGM,75+,81,110,0
2019,NHU,0-4,17,9,0
2019,NHU,5-14,27,30,0
2019,NHU,15-19,14,13,0
2019,NHU,20-24,15,12,0
2019,NHU,25-34,37,28,0
2019,NHU,35-44,33,34,0
2019,NHU,45-54,37,37,0
2019,NHU,55-64,69,65,0
2019,NHU,65-74,32,33,0
2019,NHU,75+,28,25,0
2019,NHV,0-4,67,62,0
2019,NHV,5-14,152,138,0
2019,NHV,15-19,55,37,0
2019,NHV,20-24,67,48,0
2019,NHV,25-34,173,160,0
2019,NHV,35-44,151,157,0
2019,NHV,45-54,133,129,0
2019,NHV,55-64,161,180,0
2019,NHV,65-74,107,124,0
2019,NHV,75+,107,146,0
2019,NOL,0-4,395,377,0
2019,NOL,5-14,632,600,0
2019,NOL,15-19,247,209,0
2019,NOL,20-24,168,148,0
2019,NOL,25-34,751,804,0
2019,NOL,35-44,733,817,0
2019,NOL,45-54,484,437,0
2019,NOL,55-64,194,222,0
2019,NOL,65-74,105,107,0
2019,NOL,75+,19,29,0
2019,NPK,0-4,0,0,0
2019,OAK,0-4,145,160,0
2019,OAK,5-14,366,339,0
2019,OAK,15-19,157,120,0
2019,OAK,20-24,132,118,0
2019,OAK,25-34,294,254,0
2019,OAK,35-44,312,370,0
2019,OAK,45-54,380,425,0
2019,OAK,55-64,408,456,0
2019,OAK,65-74,359,394,0
2019,OAK,75+,250,245,0
2019,OGD,0-4,231,241,0
2019,OGD,5-14,440,405,0
2019,OGD,15-19,201,149,0
2019,OGD,20-24,253,177,0
2019,OGD,25-34,732,653,0
2019,OGD,35-44,767,608,0
2019,OGD,45-54,611,508,0
2019,OGD,55-64,755,609,0
2019,OGD,65-74,403,383,0
2019,OGD,75+,198,232,0
2019,OSH,0-4,0,0,0
2019,PAL,0-4,90,87,0
2019,PAL,5-14,219,189,0
2019,PAL,15-19,74,70,0
2019,PAL,20-24,92,91,0
2019,PAL,25-34,180,218,0
2019,PAL,35-44,252,277,0
2019,PAL,45-54,211,204,0
2019,PAL,55-64,159,241,0
2019,PAL,65-74,189,256,0
2019,PAL,75+,236,328,0
2019,PAN,0-4,821,721,0
2019,PAN,5-14,2225,2090,28
2019,PAN,15-19,931,864,13
2019,PAN,20-24,773,721,17
2019,PAN,25-34,1413,1597,11
2019,PAN,35-44,2362,2588,77
2019,PAN,45-54,2000,1963,61
2019,PAN,55-64,1254,1176,12
2019,PAN,65-74,680,715,0
2019,PAN,75+,263,323,0
2019,PAT,0-4,109,113,0
2019,PAT,5-14,207,204,0
2019,PAT,15-19,90,79,0
2019,PAT,20-24,87,91,0
2019,PAT,25-34,225,239,0
2019,PAT,35-44,319,334,0
2019,PAT,45-54,230,316,0
2019,PAT,55-64,303,367,0
2019,PAT,65-74,261,293,0
2019,PAT,75+,147,180,0
2019,PCK,0-4,0,0,0
2019,PCK,5-14,0,0,0
2019,PCK,15-19,0,0,0
2019,PCK,20-24,0,0,0
2019,PCK,25-34,0,0,0
2019,PCK,35-44,0,0,0
2019,PCK,45-54,0,0,0
2019,PCK,55-64,0,0,0
2019,PCK,65-74,0,0,0
2019,PCK,75+,0,0,0
2019,PEG,0-4,0,0,0
2019,PEG,5-14,0,0,0
2019,PEG,15-19,0,0,0
2019,PEG,20-24,0,0,0
2019,PEG,25-34,0,0,0
2019,PEG,35-44,0,0,0
2019,PEG,45-54,0,0,0
2019,PEG,55-64,0,0,0
2019,PEG,65-74,0,0,0
2019,PEG,75+,0,0,0
2019,PEN,0-4,299,289,0
2019,PEN,5-14,594,534,6
2019,PEN,15-19,221,206,0
2019,PEN,20-24,247,213,0
2019,PEN,25-34,619,573,0
2019,PEN,35-44,800,704,0
2019,PEN,45-54,643,511,0
2019,PEN,55-64,584,508,0
2019,PEN,65-74,309,324,0
2019,PEN,75+,170,180,0
2019,PIN,0-4,337,347,0
2019,PIN,5-14,740,628,7
2019,PIN,15-19,252,278,0
2019,PIN,20-24,311,263,0
2019,PIN,25-34,683,699,0
2019,PIN,35-44,803,727,0
2019,PIN,45-54,618,593,0
2019,PIN,55-64,622,664,0
2019,PIN,65-74,453,491,0
2019,PIN,75+,205,283,0
2019,PKD,0-4,89,72,0
2019,PKD,5-14,102,101,0
2019,PKD,15-19,28,28,0
2019,PKD,20-24,61,53,0
2019,PKD,25-34,213,237,0
2019,PKD,35-44,212,210,0
2019,PKD,45-54,138,135,0
2019,PKD,55-64,214,207,0
2019,PKD,65-74,137,117,0
2019,PKD,75+,84,119,0
2019,PKH,0-4,39,45,0
2019,PKH,5-14,64,56,0
2019,PKH,15-19,50,28,0
2019,PKH,20-24,37,73,0
2019,PKH,25-34,198,191,0
2019,PKH,35-44,140,122,0
2019,PKH,45-54,113,135,0
2019,PKH,55-64,106,100,0
2019,PKH,65-74,74,59,0
2019,PKH,75+,25,32,0
2019,PKL,0-4,72,62,0
2019,PKL,5-14,236,217,0
2019,PKL,15-19,107,105,0
2019,PKL,20-24,81,79,0
2019,PKL,25-34,101,93,0
2019,PKL,35-44,209,224,0
2019,PKL,45-54,263,277,0
2019,PKL,55-64,303,307,0
2019,PKL,65-74,293,312,0
2019,PKL,75+,154,154,0
2019,POI,0-4,19,27,0
2019,POI,5-14,23,24,0
2019,POI,15-19,10,8,0
2019,POI,20-24,21,21,0
2019,POI,25-34,112,119,0
2019,POI,35-44,83,95,0
2019,POI,45-54,69,79,0
2019,POI,55-64,120,138,0
2019,POI,65-74,99,129,0
2019,POI,75+,61,83,0
2019,PUM,0-4,22,20,0
2019,PUM,5-14,83,86,0
2019,PUM,15-19,41,28,0
2019,PUM,20-24,33,22,0
2019,PUM,25-34,46,39,0
2019,PUM,35-44,52,65,0
2019,PUM,45-54,90,95,0
2019,PUM,55-64,94,111,0
2019,PUM,65-74,159,186,0
2019,PUM,75+,127,239,0
2019,QLD,0-4,129,125,0
2019,QLD,5-14,264,253,0
2019,QLD,15-19,120,117,0
2019,QLD,20-24,126,105,0
2019,QLD,25-34,402,361,0
2019,QLD,35-44,392,343,0
2019,QLD,45-54,307,307,0
2019,QLD,55-64,353,366,0
2019,QLD,65-74,200,223,0
2019,QLD,75+,108,123,0
2019,QPK,0-4,25,24,0
2019,QPK,5-14,27,24,0
2019,QPK,15-19,15,8,0
2019,QPK,20-24,17,37,0
2019,QPK,25-34,63,56,0
2019,QPK,35-44,29,38,0
2019,QPK,45-54,17,24,0
2019,QPK,55-64,18,16,0
2019,QPK,65-74,7,0,0
2019,QPK,75+,0,0,0
2019,RAM,0-4,78,64,0
2019,RAM,5-14,81,89,0
2019,RAM,15-19,33,40,0
2019,RAM,20-24,34,36,0
2019,RAM,25-34,236,232,0
2019,RAM,35-44,240,224,0
2019,RAM,45-54,179,137,0
2019,RAM,55-64,149,107,0
2019,RAM,65-74,72,64,0
2019,RAM,75+,21,28,0
2019,RAN,0-4,250,226,0
2019,RAN,5-14,507,462,0
2019,RAN,15-19,191,169,0
2019,RAN,20-24,259,205,0
2019,RAN,25-34,685,649,0
2019,RAN,35-44,646,702,0
2019,RAN,45-54,416,442,0
2019,RAN,55-64,441,508,0
2019,RAN,65-74,275,321,0
2019,RAN,75+,113,131,0
2019,RCK,0-4,107,120,0
2019,RCK,5-14,208,160,0
2019,RCK,15-19,87,94,0
2019,RCK,20-24,125,153,0
2019,RCK,25-34,357,412,0
2019,RCK,35-44,344,337,0
2019,RCK,45-54,223,220,0
2019,RCK,55-64,192,186,0
2019,RCK,65-74,87,93,0
2019,RCK,75+,45,69,0
2019,RDL,0-4,32,33,0
2019,RDL,5-14,100,100,0
2019,RDL,15-19,52,53,0
2019,RDL,20-24,29,33,0
2019,RDL,25-34,75,67,0
2019,RDL,35-44,102,111,0
2019,RDL,45-54,108,112,0
2019,RDL,55-64,144,144,0
2019,RDL,65-74,105,82,0
2019,RDL,75+,34,33,0
2019,RED,0-4,54,40,0
2019,RED,5-14,50,39,0
2019,RED,15-19,17,15,0
2019,RED,20-24,28,30,0
2019,RED,25-34,111,99,0
2019,RED,35-44,117,86,0
2019,RED,45-54,144,127,0
2019,RED,55-64,157,160,0
2019,RED,65-74,98,102,0
2019,RED,75+,50,65,0
2019,REN,0-4,203,212,0
2019,REN,5-14,286,305,0
2019,REN,15-19,85,104,0
2019,REN,20-24,127,151,0
2019,REN,25-34,791,817,0
2019,REN,35-44,728,718,0
2019,REN,45-54,448,419,0
2019,REN,55-64,354,352,0
2019,REN,65-74,154,159,0
2019,REN,75+,59,101,0
2019,RIC,0-4,173,145,0
2019,RIC,5-14,264,233,0
2019,RIC,15-19,92,80,0
2019,RIC,20-24,105,115,0
2019,RIC,25-34,442,492,0
2019,RIC,35-44,573,520,6
2019,RIC,45-54,360,311,6
2019,RIC,55-64,285,271,0
2019,RIC,65-74,169,159,0
2019,RIC,75+,62,83,0
2019,RID,0-4,15,11,0
2019,RID,5-14,26,23,0
2019,RID,15-19,11,12,0
2019,RID,20-24,6,13,0
2019,RID,25-34,24,29,0
2019,RID,35-44,33,34,0
2019,RID,45-54,37,42,0
2019,RID,55-64,52,51,0
2019,RID,65-74,63,67,0
2019,RID,75+,21,23,0
2019,RIV,0-4,206,238,0
2019,RIV,5-14,432,382,0
2019,RIV,15-19,258,275,0
2019,RIV,20-24,327,268,0
2019,RIV,25-34,603,550,0
2019,RIV,35-44,654,619,0
2019,RIV,45-54,687,720,0
2019,RIV,55-64,924,931,0
2019,RIV,65-74,420,414,0
2019,RIV,75+,146,179,0
2019,RMT,0-4,20,21,0
2019,RMT,5-14,71,79,0
2019,RMT,15-19,12,15,0
2019,RMT,20-24,38,44,0
2019,RMT,25-34,142,109,0
2019,RMT,35-44,99,86,0
2019,RMT,45-54,77,81,0
2019,RMT,55-64,92,88,0
2019,RMT,65-74,46,44,0
2019,RMT,75+,31,56,0
2019,ROC,0-4,226,182,0
2019,ROC,5-14,587,599,0
2019,ROC,15-19,302,258,0
2019,ROC,20-24,228,205,0
2019,ROC,25-34,465,496,0
2019,ROC,35-44,608,733,0
2019,ROC,45-54,679,692,0
2019,ROC,55-64,459,484,0
2019,ROC,65-74,289,381,0
2019,ROC,75+,229,282,0
2019,ROX,0-4,13,12,0
2019,ROX,5-14,32,30,0
2019,ROX,15-19,20,7,0
2019,ROX,20-24,12,8,0
2019,ROX,25-34,10,10,0
2019,ROX,35-44,24,32,0
2019,ROX,45-54,35,26,0
2019,ROX,55-64,45,37,0
2019,ROX,65-74,22,21,0
2019,ROX,75+,13,13,0
2019,ROY,0-4,327,317,0
2019,ROY,5-14,917,1070,0
2019,ROY,15-19,399,369,0
2019,ROY,20-24,329,285,0
2019,ROY,25-34,636,693,0
2019,ROY,35-44,966,1078,0
2019,ROY,45-54,1002,986,0
2019,ROY,55-64,638,664,0
2019,ROY,65-74,355,394,0
2019,ROY,75+,129,134,0
2019,RSN,0-4,283,228,0
2019,RSN,5-14,469,392,0
2019,RSN,15-19,198,169,0
2019,RSN,20-24,142,130,0
2019,RSN,25-34,505,593,0
2019,RSN,35-44,651,617,0
2019,RSN,45-54,279,264,0
2019,RSN,55-64,213,235,0
2019,RSN,65-74,179,230,0
2019,RSN,75+,22,25,0
2019,RUN,0-4,402,398,0
2019,RUN,5-14,826,789,0
2019,RUN,15-19,413,327,0
2019,RUN,20-24,406,457,0
2019,RUN,25-34,854,872,0
2019,RUN,35-44,1013,867,8
2019,RUN,45-54,720,650,0
2019,RUN,55-64,655,633,0
2019,RUN,65-74,470,487,0
2019,RUN,75+,216,216,0
2019,RUT,0-4,75,46,0
2019,RUT,5-14,124,105,0
2019,RUT,15-19,44,47,0
2019,RUT,20-24,67,47,0
2019,RUT,25-34,126,121,0
2019,RUT,35-44,175,176,0
2019,RUT,45-54,144,154,0
2019,RUT,55-64,124,129,0
2019,RUT,65-74,102,181,0
2019,RUT,75+,110,162,0
2019,RVW,0-4,0,0,0
2019,RYV,0-4,0,0,0
2019,RYV,5-14,0,0,0
2019,RYV,15-19,0,0,0
2019,RYV,20-24,0,0,0
2019,RYV,25-34,0,0,0
2019,RYV,35-44,0,0,0
2019,RYV,45-54,0,0,0
2019,RYV,55-64,0,0,0
2019,RYV,65-74,0,0,0
2019,RYV,75+,0,0,0
2019,S23,0-4,0,0,0
2019,S23,5-14,0,0,0
2019,S23,15-19,0,0,0
2019,S23,20-24,0,0,0
2019,S23,25-34,0,0,0
2019,S23,35-44,0,0,0
2019,S23,45-54,0,0,0
2019,S23,55-64,0,0,0
2019,S23,65-74,0,0,0
2019,S23,75+,0,0,0
2019,SAD,0-4,816,802,0
2019,SAD,5-14,1958,1802,7
2019,SAD,15-19,777,750,6
2019,SAD,20-24,841,792,0
2019,SAD,25-34,1998,2033,9
2019,SAD,35-44,1966,2055,0
2019,SAD,45-54,1332,1153,0
2019,SAD,55-64,814,871,0
2019,SAD,65-74,509,624,0
2019,SAD,75+,192,196,0
2019,SAN,0-4,124,128,0
2019,SAN,5-14,331,319,0
2019,SAN,15-19,137,146,0
2019,SAN,20-24,165,163,0
2019,SAN,25-34,348,296,0
2019,SAN,35-44,409,340,0
2019,SAN,45-54,349,430,0
2019,SAN,55-64,548,624,7
2019,SAN,65-74,346,341,0
2019,SAN,75+,151,185,0
2019,SAW,0-4,0,0,0
2019,SAW,5-14,0,0,0
2019,SAW,15-19,0,0,0
2019,SAW,20-24,0,0,0
2019,SAW,25-34,0,0,0
2019,SAW,35-44,0,0,0
2019,SAW,45-54,0,0,0
2019,SAW,55-64,0,0,0
2019,SAW,65-74,0,0,0
2019,SAW,75+,0,0,0
2019,SCA,0-4,29,21,0
2019,SCA,5-14,91,73,0
2019,SCA,15-19,27,28,0
2019,SCA,20-24,19,16,0
2019,SCA,25-34,36,39,0
2019,SCA,35-44,65,59,0
2019,SCA,45-54,80,79,0
2019,SCA,55-64,73,78,0
2019,SCA,65-74,41,36,0
2019,SCA,75+,20,19,0
2019,SCE,0-4,174,137,0
2019,SCE,5-14,430,363,0
2019,SCE,15-19,266,241,0
2019,SCE,20-24,296,252,0
2019,SCE,25-34,337,340,0
2019,SCE,35-44,432,449,0
2019,SCE,45-54,512,593,0
2019,SCE,55-64,797,873,8
2019,SCE,65-74,481,461,0
2019,SCE,75+,249,358,0
2019,SDC,0-4,193,203,0
2019,SDC,5-14,657,615,0
2019,SDC,15-19,352,369,0
2019,SDC,20-24,337,314,0
2019,SDC,25-34,455,392,0
2019,SDC,35-44,587,604,0
2019,SDC,45-54,638,738,0
2019,SDC,55-64,961,999,0
2019,SDC,65-74,498,455,0
2019,SDC,75+,156,196,0
2019,SET,0-4,30,27,0
2019,SET,5-14,27,29,0
2019,SET,15-19,17,19,0
2019,SET,20-24,28,44,0
2019,SET,25-34,103,115,0
2019,SET,35-44,67,60,0
2019,SET,45-54,27,35,0
2019,SET,55-64,62,97,0
2019,SET,65-74,56,100,0
2019,SET,75+,63,122,0
2019,SFH,0-4,0,0,0
2019,SGH,0-4,418,415,0
2019,SGH,5-14,548,575,8
2019,SGH,15-19,149,163,0
2019,SGH,20-24,150,175,0
2019,SGH,25-34,848,968,0
2019,SGH,35-44,819,822,9
2019,SGH,45-54,407,400,0
2019,SGH,55-64,232,291,0
2019,SGH,65-74,148,198,0
2019,SGH,75+,83,85,0
2019,SGL,0-4,0,0,0
2019,SHG,0-4,41,43,0
2019,SHG,5-14,71,61,0
2019,SHG,15-19,27,29,0
2019,SHG,20-24,72,63,0
2019,SHG,25-34,228,222,0
2019,SHG,35-44,142,146,0
2019,SHG,45-54,85,100,0
2019,SHG,55-64,94,71,0
2019,SHG,65-74,38,40,0
2019,SHG,75+,19,25,0
2019,SHI,0-4,0,0,0
2019,SHI,5-14,0,8,0
2019,SHI,15-19,0,0,0
2019,SHI,20-24,7,0,0
2019,SHI,25-34,12,9,0
2019,SHI,35-44,15,11,0
2019,SHI,45-54,22,12,0
2019,SHI,55-64,39,41,0
2019,SHI,65-74,19,12,0
2019,SHI,75+,12,10,0
2019,SHN,0-4,255,248,0
2019,SHN,5-14,537,454,8
2019,SHN,15-19,303,259,6
2019,SHN,20-24,345,299,0
2019,SHN,25-34,559,527,0
2019,SHN,35-44,779,782,6
2019,SHN,45-54,638,695,0
2019,SHN,55-64,727,718,0
2019,SHN,65-74,349,423,0
2019,SHN,75+,194,243,0
2019,SHS,0-4,38,36,0
2019,SHS,5-14,73,81,0
2019,SHS,15-19,33,39,0
2019,SHS,20-24,41,43,0
2019,SHS,25-34,79,96,0
2019,SHS,35-44,107,100,0
2019,SHS,45-54,96,111,0
2019,SHS,55-64,150,163,0
2019,SHS,65-74,146,188,0
2019,SHS,75+,121,165,0
2019,SHW,0-4,207,206,0
2019,SHW,5-14,476,455,0
2019,SHW,15-19,208,237,0
2019,SHW,20-24,233,212,0
2019,SHW,25-34,516,521,0
2019,SHW,35-44,529,620,0
2019,SHW,45-54,473,438,0
2019,SHW,55-64,275,261,0
2019,SHW,65-74,117,140,0
2019,SHW,75+,52,57,0
2019,SIG,0-4,246,231,0
2019,SIG,5-14,770,683,0
2019,SIG,15-19,442,431,0
2019,SIG,20-24,406,426,0
2019,SIG,25-34,481,493,0
2019,SIG,35-44,662,780,11
2019,SIG,45-54,940,1055,0
2019,SIG,55-64,1094,1235,9
2019,SIG,65-74,767,904,9
2019,SIG,75+,529,771,0
2019,SIL,0-4,247,235,0
2019,SIL,5-14,552,481,0
2019,SIL,15-19,237,211,0
2019,SIL,20-24,236,214,6
2019,SIL,25-34,429,434,0
2019,SIL,35-44,580,605,0
2019,SIL,45-54,547,571,0
2019,SIL,55-64,656,736,0
2019,SIL,65-74,519,616,0
2019,SIL,75+,277,275,0
2019,SKE,0-4,0,0,0
2019,SKR,0-4,531,490,0
2019,SKR,5-14,832,737,51
2019,SKR,15-19,245,229,0
2019,SKR,20-24,313,300,9
2019,SKR,25-34,1317,1425,70
2019,SKR,35-44,1185,1179,87
2019,SKR,45-54,564,478,11
2019,SKR,55-64,405,465,0
2019,SKR,65-74,228,280,0
2019,SKR,75+,111,154,0
2019,SKW,0-4,0,0,0
2019,SNA,0-4,50,43,0
2019,SNA,5-14,64,62,0
2019,SNA,15-19,24,17,0
2019,SNA,20-24,55,72,0
2019,SNA,25-34,495,564,7
2019,SNA,35-44,600,458,0
2019,SNA,45-54,255,201,0
2019,SNA,55-64,98,71,0
2019,SNA,65-74,41,32,0
2019,SNA,75+,10,12,0
2019,SOC,0-4,158,168,0
2019,SOC,5-14,164,176,0
2019,SOC,15-19,66,55,0
2019,SOC,20-24,98,174,0
2019,SOC,25-34,583,633,0
2019,SOC,35-44,499,453,0
2019,SOC,45-54,296,237,0
2019,SOC,55-64,215,191,0
2019,SOC,65-74,93,100,0
2019,SOC,75+,32,44,0
2019,SOM,0-4,259,220,0
2019,SOM,5-14,565,486,0
2019,SOM,15-19,295,299,9
2019,SOM,20-24,277,231,0
2019,SOM,25-34,455,452,0
2019,SOM,35-44,752,810,0
2019,SOM,45-54,696,714,0
2019,SOM,55-64,500,527,0
2019,SOM,65-74,255,325,0
2019,SOM,75+,160,235,0
2019,SOV,0-4,44,43,0
2019,SOV,5-14,73,66,0
2019,SOV,15-19,38,33,0
2019,SOV,20-24,42,44,0
2019,SOV,25-34,125,99,0
2019,SOV,35-44,152,118,0
2019,SOV,45-54,160,113,0
2019,SOV,55-64,166,123,0
2019,SOV,65-74,101,102,0
2019,SOV,75+,68,90,0
2019,SOW,0-4,176,175,0
2019,SOW,5-14,348,295,0
2019,SOW,15-19,190,160,0
2019,SOW,20-24,218,207,0
2019,SOW,25-34,494,511,0
2019,SOW,35-44,479,500,0
2019,SOW,45-54,457,437,0
2019,SOW,55-64,400,391,0
2019,SOW,65-74,181,229,0
2019,SOW,75+,171,208,0
2019,SPH,0-4,292,250,0
2019,SPH,5-14,866,829,0
2019,SPH,15-19,405,388,0
2019,SPH,20-24,293,236,0
2019,SPH,25-34,391,463,0
2019,SPH,35-44,693,807,0
2019,SPH,45-54,977,984,0
2019,SPH,55-64,608,541,0
2019,SPH,65-74,274,337,0
2019,SPH,75+,138,150,0
2019,SPR,0-4,164,165,0
2019,SPR,5-14,216,218,0
2019,SPR,15-19,87,79,0
2019,SPR,20-24,112,142,0
2019,SPR,25-34,424,459,0
2019,SPR,35-44,366,371,0
2019,SPR,45-54,272,287,0
2019,SPR,55-64,254,320,0
2019,SPR,65-74,178,240,0
2019,SPR,75+,114,199,0
2019,SRI,0-4,0,0,0
2019,SRI,5-14,0,0,0
2019,SRI,15-19,0,0,0
2019,SRI,20-24,0,0,0
2019,SRI,25-34,0,0,0
2019,SRI,35-44,0,0,0
2019,SRI,45-54,0,0,0
2019,SRI,55-64,0,0,0
2019,SRI,65-74,0,0,0
2019,SRI,75+,0,0,0
2019,SSD,0-4,75,64,0
2019,SSD,5-14,101,122,0
2019,SSD,15-19,39,46,0
2019,SSD,20-24,163,219,6
2019,SSD,25-34,697,745,16
2019,SSD,35-44,416,396,0
2019,SSD,45-54,209,200,0
2019,SSD,55-64,196,193,0
2019,SSD,65-74,127,106,0
2019,SSD,75+,34,49,0
2019,SSW,0-4,10,10,0
2019,SSW,5-14,35,25,0
2019,SSW,15-19,10,8,0
2019,SSW,20-24,0,7,0
2019,SSW,25-34,17,13,0
2019,SSW,35-44,28,34,0
2019,SSW,45-54,42,35,0
2019,SSW,55-64,30,26,0
2019,SSW,65-74,18,16,0
2019,SSW,75+,14,15,0
2019,ST1,0-4,0,0,0
2019,ST1,5-14,0,0,0
2019,ST1,15-19,0,0,0
2019,ST1,20-24,0,0,0
2019,ST1,25-34,0,0,0
2019,ST1,35-44,0,0,0
2019,ST1,45-54,0,0,0
2019,ST1,55-64,0,0,0
2019,ST1,65-74,0,0,0
2019,ST1,75+,0,0,0
2019,ST2,0-4,0,0,0
2019,ST2,5-14,0,0,0
2019,ST2,15-19,0,0,0
2019,ST2,20-24,0,0,0
2019,ST2,25-34,0,0,0
2019,ST2,35-44,0,0,0
2019,ST2,45-54,0,0,0
2019,ST2,55-64,0,0,0
2019,ST2,65-74,0,0,0
2019,ST2,75+,0,0,0
2019,ST3,0-4,0,0,0
2019,ST4,0-4,0,0,0
2019,ST4,0-4,0,0,0
2019,ST4,5-14,0,0,0
2019,ST4,5-14,0,0,0
2019,ST4,15-19,0,0,0
2019,ST4,15-19,0,0,0
2019,ST4,20-24,0,0,0
2019,ST4,20-24,0,0,0
2019,ST4,25-34,0,0,0
2019,ST4,25-34,0,0,0
2019,ST4,35-44,0,0,0
2019,ST4,35-44,0,0,0
2019,ST4,45-54,0,0,0
2019,ST4,45-54,0,0,0
2019,ST4,55-64,0,0,0
2019,ST4,55-64,0,0,0
2019,ST4,65-74,0,0,0
2019,ST4,65-74,0,0,0
2019,ST4,75+,0,0,0
2019,ST4,75+,0,0,0
2019,STA,0-4,36,32,0
2019,STA,5-14,60,65,0
2019,STA,15-19,43,30,0
2019,STA,20-24,58,78,0
2019,STA,25-34,112,115,0
2019,STA,35-44,104,112,0
2019,STA,45-54,80,86,0
2019,STA,55-64,104,92,0
2019,STA,65-74,114,166,0
2019,STA,75+,149,157,0
2019,STD,0-4,0,0,0
2019,STD,5-14,0,0,0
2019,STD,15-19,0,0,0
2019,STD,20-24,0,0,0
2019,STD,25-34,0,0,0
2019,STD,35-44,0,0,0
2019,STD,45-54,0,0,0
2019,STD,55-64,0,0,0
2019,STD,65-74,0,0,0
2019,STD,75+,0,0,0
2019,STR,0-4,191,184,0
2019,STR,5-14,457,533,0
2019,STR,15-19,232,214,0
2019,STR,20-24,215,180,0
2019,STR,25-34,305,299,0
2019,STR,35-44,435,475,0
2019,STR,45-54,470,510,0
2019,STR,55-64,533,586,0
2019,STR,65-74,340,350,0
2019,STR,75+,173,160,0
2019,SUN,0-4,0,0,0
2019,SUN,5-14,0,0,0
2019,SUN,15-19,0,0,0
2019,SUN,20-24,0,0,0
2019,SUN,25-34,0,0,0
2019,SUN,35-44,0,0,0
2019,SUN,45-54,0,0,0
2019,SUN,55-64,0,0,0
2019,SUN,65-74,0,0,0
2019,SUN,75+,0,0,0
2019,SVO,0-4,344,329,0
2019,SVO,5-14,640,603,7
2019,SVO,15-19,205,199,0
2019,SVO,20-24,205,163,6
2019,SVO,25-34,583,655,7
2019,SVO,35-44,749,790,6
2019,SVO,45-54,556,546,6
2019,SVO,55-64,336,335,9
2019,SVO,65-74,125,140,0
2019,SVO,75+,49,51,0
2019,TAR,0-4,716,613,0
2019,TAR,5-14,1832,1460,6
2019,TAR,15-19,679,593,0
2019,TAR,20-24,794,601,0
2019,TAR,25-34,1586,1525,6
2019,TAR,35-44,1736,1794,0
2019,TAR,45-54,1189,1089,0
2019,TAR,55-64,798,831,0
2019,TAR,65-74,436,435,0
2019,TAR,75+,148,147,0
2019,TEM,0-4,353,320,0
2019,TEM,5-14,813,767,0
2019,TEM,15-19,354,332,0
2019,TEM,20-24,369,333,0
2019,TEM,25-34,817,799,0
2019,TEM,35-44,870,857,0
2019,TEM,45-54,683,620,0
2019,TEM,55-64,712,702,0
2019,TEM,65-74,473,468,0
2019,TEM,75+,153,159,0
2019,THO,0-4,262,265,0
2019,THO,5-14,521,489,0
2019,THO,15-19,215,176,0
2019,THO,20-24,200,201,0
2019,THO,25-34,684,644,11
2019,THO,35-44,731,694,0
2019,THO,45-54,576,566,0
2019,THO,55-64,659,571,0
2019,THO,65-74,346,391,0
2019,THO,75+,242,329,0
2019,TUS,0-4,647,610,0
2019,TUS,5-14,1990,1851,14
2019,TUS,15-19,774,760,0
2019,TUS,20-24,426,410,0
2019,TUS,25-34,995,1097,7
2019,TUS,35-44,1680,1931,0
2019,TUS,45-54,1795,1760,0
2019,TUS,55-64,803,831,0
2019,TUS,65-74,415,511,0
2019,TUS,75+,250,300,0
2019,TUX,0-4,185,193,0
2019,TUX,5-14,198,206,0
2019,TUX,15-19,75,77,0
2019,TUX,20-24,147,137,0
2019,TUX,25-34,585,626,0
2019,TUX,35-44,573,513,7
2019,TUX,45-54,356,318,0
2019,TUX,55-64,296,288,0
2019,TUX,65-74,167,138,0
2019,TUX,75+,85,145,0
2019,UMR,0-4,55,59,0
2019,UMR,5-14,144,124,0
2019,UMR,15-19,63,56,0
2019,UMR,20-24,80,74,0
2019,UMR,25-34,171,128,0
2019,UMR,35-44,174,178,0
2019,UMR,45-54,168,173,0
2019,UMR,55-64,203,204,0
2019,UMR,65-74,142,133,0
2019,UMR,75+,67,73,0
2019,UND,0-4,50,45,0
2019,UND,5-14,107,81,0
2019,UND,15-19,9,6,0
2019,UND,20-24,0,10,0
2019,UND,25-34,57,86,0
2019,UND,35-44,102,85,0
2019,UND,45-54,22,13,0
2019,UND,55-64,12,10,0
2019,UND,65-74,0,0,0
2019,UND,75+,0,0,0
2019,UNI,0-4,77,60,0
2019,UNI,5-14,119,129,0
2019,UNI,15-19,58,52,0
2019,UNI,20-24,295,252,0
2019,UNI,25-34,370,321,0
2019,UNI,35-44,183,167,0
2019,UNI,45-54,109,139,0
2019,UNI,55-64,118,127,0
2019,UNI,65-74,88,103,0
2019,UNI,75+,71,77,0
2019,UOC,0-4,0,0,0
2019,UOC,5-14,0,0,0
2019,UOC,15-19,0,0,0
2019,UOC,20-24,611,732,0
2019,UOC,25-34,367,375,0
2019,UOC,35-44,153,125,0
2019,UOC,45-54,0,0,0
2019,UOC,55-64,0,0,0
2019,UOC,65-74,0,0,0
2019,UOC,75+,0,0,0
2019,VAF,0-4,0,0,0
2019,VAF,5-14,0,0,0
2019,VAF,15-19,0,0,0
2019,VAF,20-24,0,0,0
2019,VAF,25-34,0,0,0
2019,VAF,35-44,0,0,0
2019,VAF,45-54,0,0,0
2019,VAF,55-64,0,0,0
2019,VAF,65-74,0,0,0
2019,VAF,75+,0,0,0
2019,VAL,0-4,139,173,0
2019,VAL,5-14,348,359,0
2019,VAL,15-19,169,163,0
2019,VAL,20-24,142,121,0
2019,VAL,25-34,216,203,0
2019,VAL,35-44,400,430,0
2019,VAL,45-54,421,447,0
2019,VAL,55-64,450,442,0
2019,VAL,65-74,311,306,0
2019,VAL,75+,160,181,0
2019,VAR,0-4,255,230,0
2019,VAR,5-14,648,570,0
2019,VAR,15-19,304,281,0
2019,VAR,20-24,660,554,0
2019,VAR,25-34,977,894,0
2019,VAR,35-44,739,788,0
2019,VAR,45-54,672,690,0
2019,VAR,55-64,730,832,0
2019,VAR,65-74,653,732,0
2019,VAR,75+,651,986,0
2019,VIS,0-4,106,103,0
2019,VIS,5-14,235,212,0
2019,VIS,15-19,63,58,0
2019,VIS,20-24,52,62,0
2019,VIS,25-34,140,189,0
2019,VIS,35-44,187,195,0
2019,VIS,45-54,155,122,0
2019,VIS,55-64,151,122,0
2019,VIS,65-74,63,74,0
2019,VIS,75+,33,46,0
2019,WAL,0-4,272,283,0
2019,WAL,5-14,453,417,6
2019,WAL,15-19,140,144,0
2019,WAL,20-24,117,130,0
2019,WAL,25-34,630,709,8
2019,WAL,35-44,608,614,0
2019,WAL,45-54,384,334,6
2019,WAL,55-64,182,206,0
2019,WAL,65-74,111,148,0
2019,WAL,75+,89,223,0
2019,WBN,0-4,231,205,0
2019,WBN,5-14,563,495,0
2019,WBN,15-19,239,200,0
2019,WBN,20-24,262,204,0
2019,WBN,25-34,499,470,0
2019,WBN,35-44,551,582,0
2019,WBN,45-54,582,632,0
2019,WBN,55-64,737,848,8
2019,WBN,65-74,598,543,0
2019,WBN,75+,209,194,0
2019,WES,0-4,0,0,0
2019,WGT,0-4,94,106,0
2019,WGT,5-14,184,170,0
2019,WGT,15-19,87,59,0
2019,WGT,20-24,73,83,0
2019,WGT,25-34,243,229,0
2019,WGT,35-44,262,258,0
2019,WGT,45-54,171,207,0
2019,WGT,55-64,225,247,0
2019,WGT,65-74,138,165,0
2019,WGT,75+,70,124,0
2019,WHI,0-4,361,295,0
2019,WHI,5-14,881,753,0
2019,WHI,15-19,401,394,0
2019,WHI,20-24,432,365,0
2019,WHI,25-34,942,823,0
2019,WHI,35-44,1002,922,0
2019,WHI,45-54,786,673,0
2019,WHI,55-64,665,678,0
2019,WHI,65-74,511,542,0
2019,WHI,75+,235,324,0
2019,WHL,0-4,208,222,0
2019,WHL,5-14,418,364,0
2019,WHL,15-19,142,110,0
2019,WHL,20-24,171,168,0
2019,WHL,25-34,508,514,6
2019,WHL,35-44,563,594,0
2019,WHL,45-54,463,478,0
2019,WHL,55-64,372,392,0
2019,WHL,65-74,236,257,0
2019,WHL,75+,107,134,0
2019,WIL,0-4,139,123,0
2019,WIL,5-14,258,281,9
2019,WIL,15-19,130,117,0
2019,WIL,20-24,151,104,0
2019,WIL,25-34,304,297,0
2019,WIL,35-44,326,352,0
2019,WIL,45-54,390,392,9
2019,WIL,55-64,394,385,0
2019,WIL,65-74,297,303,0
2019,WIL,75+,271,282,0
2019,WIN,0-4,13,18,0
2019,WIN,0-4,99,113,0
2019,WIN,5-14,16,18,0
2019,WIN,5-14,152,140,0
2019,WIN,15-19,57,52,0
2019,WIN,15-19,7,0,0
2019,WIN,20-24,0,6,0
2019,WIN,20-24,58,66,0
2019,WIN,25-34,53,42,0
2019,WIN,25-34,279,285,0
2019,WIN,35-44,330,308,0
2019,WIN,35-44,48,31,0
2019,WIN,45-54,30,27,0
2019,WIN,45-54,225,209,0
2019,WIN,55-64,210,192,0
2019,WIN,55-64,26,18,0
2019,WIN,65-74,124,108,0
2019,WIN,65-74,0,0,0
2019,WIN,75+,0,0,0
2019,WIN,75+,124,115,0
2019,WLD,0-4,76,94,0
2019,WLD,5-14,203,174,0
2019,WLD,15-19,62,63,0
2019,WLD,20-24,64,53,0
2019,WLD,25-34,107,129,0
2019,WLD,35-44,228,236,0
2019,WLD,45-54,181,191,0
2019,WLD,55-64,217,224,0
2019,WLD,65-74,104,103,0
2019,WLD,75+,76,109,0
2019,WND,0-4,95,110,0
2019,WND,5-14,160,157,0
2019,WND,15-19,76,84,0
2019,WND,20-24,117,129,0
2019,WND,25-34,531,515,0
2019,WND,35-44,458,432,0
2019,WND,45-54,286,300,0
2019,WND,55-64,264,271,0
2019,WND,65-74,151,188,0
2019,WND,75+,97,151,0
2019,WOO,0-4,170,173,0
2019,WOO,5-14,404,375,0
2019,WOO,15-19,195,132,0
2019,WOO,20-24,155,139,0
2019,WOO,25-34,367,367,0
2019,WOO,35-44,349,387,0
2019,WOO,45-54,354,390,0
2019,WOO,55-64,410,511,0
2019,WOO,65-74,401,403,0
2019,WOO,75+,138,167,0
2019,WSP,0-4,375,342,6
2019,WSP,5-14,1194,1181,12
2019,WSP,15-19,381,411,0
2019,WSP,20-24,229,182,0
2019,WSP,25-34,435,470,0
2019,WSP,35-44,911,1146,0
2019,WSP,45-54,1029,997,8
2019,WSP,55-64,431,394,0
2019,WSP,65-74,202,237,0
2019,WSP,75+,87,84,0
2019,WWO,0-4,0,0,0
2019,WWO,5-14,0,0,0
2019,WWO,15-19,0,0,0
2019,WWO,20-24,0,0,0
2019,WWO,25-34,0,0,0
2019,WWO,35-44,0,0,0
2019,WWO,45-54,0,0,0
2019,WWO,55-64,0,0,0
2019,WWO,65-74,0,0,0
2019,WWO,75+,0,0,0
2019,X01,0-4,4,3,16
2019,X01,5-14,17,27,23
2019,X01,15-19,13,21,14
2019,X01,20-24,12,5,14
2019,X01,25-34,6,7,15
2019,X01,35-44,16,15,12
2019,X01,45-54,30,31,21
2019,X01,55-64,34,35,20
2019,X01,65-74,23,16,10
2019,X01,75+,5,5,5
2019,X02,0-4,0,0,16
2019,X02,5-14,1,3,13
2019,X02,15-19,70,0,22
2019,X02,20-24,121,11,15
2019,X02,25-34,192,22,19
2019,X02,35-44,240,17,20
2019,X02,45-54,144,11,16
2019,X02,55-64,82,13,12
2019,X02,65-74,2,1,17
2019,X02,75+,2,1,8
2019,X03,0-4,2,1,8
2019,X03,5-14,1,3,4
2019,X03,15-19,0,1,7
2019,X03,20-24,0,0,6
2019,X03,25-34,9,9,6
2019,X03,35-44,3,1,7
2019,X03,45-54,2,2,7
2019,X03,55-64,5,4,7
2019,X03,65-74,2,2,12
2019,X03,75+,3,1,7
2019,X04,0-4,0,0,9
2019,X04,5-14,0,0,18
2019,X04,15-19,6,2,15
2019,X04,20-24,9,0,18
2019,X04,25-34,0,0,23
2019,X04,35-44,0,0,17
2019,X04,45-54,9,0,28
2019,X04,55-64,3,0,23
2019,X04,65-74,5,8,16
2019,X04,75+,5,5,15
2019,X05,0-4,0,1,21
2019,X05,5-14,4,3,10
2019,X05,15-19,0,0,12
2019,X05,20-24,0,0,7
2019,X05,25-34,7,4,7
2019,X05,35-44,2,2,12
2019,X05,45-54,3,2,8
2019,X05,55-64,6,2,22
2019,X05,65-74,1,0,13
2019,X05,75+,0,6,3
2019,X06,0-4,0,1,21
2019,X06,5-14,0,2,29
2019,X06,15-19,1,1,15
2019,X06,20-24,3,0,16
2019,X06,25-34,4,3,21
2019,X06,35-44,3,3,24
2019,X06,45-54,1,3,27
2019,X06,55-64,6,6,18
2019,X06,65-74,1,0,9
2019,X06,75+,1,1,14
2019,X07,0-4,0,0,21
2019,X07,5-14,0,0,27
2019,X07,15-19,5,1,25
2019,X07,20-24,4,0,13
2019,X07,25-34,0,0,21
2019,X07,35-44,0,0,36
2019,X07,45-54,0,0,19
2019,X07,55-64,0,0,26
2019,X07,65-74,2,3,9
2019,X07,75+,0,0,7
2019,X08,0-4,0,0,14
2019,X08,5-14,0,0,24
2019,X08,15-19,0,0,9
2019,X08,20-24,4,0,20
2019,X08,25-34,0,0,31
2019,X08,35-44,0,0,34
2019,X08,45-54,0,0,25
2019,X08,55-64,0,0,21
2019,X08,65-74,0,0,16
2019,X08,75+,0,0,9
2019,X09,0-4,13,15,10
2019,X09,5-14,33,26,20
2019,X09,15-19,17,16,15
2019,X09,20-24,22,21,12
2019,X09,25-34,47,55,29
2019,X09,35-44,51,42,25
2019,X09,45-54,56,76,28
2019,X09,55-64,78,86,24
2019,X09,65-74,66,65,14
2019,X09,75+,24,26,11
2019,X10,0-4,2,2,17
2019,X10,5-14,2,1,18
2019,X10,15-19,0,0,9
2019,X10,20-24,0,0,12
2019,X10,25-34,3,2,17
2019,X10,35-44,8,8,30
2019,X10,45-54,4,4,26
2019,X10,55-64,1,0,28
2019,X10,65-74,2,1,16
2019,X10,75+,0,0,7
2019,X11,0-4,8,8,16
2019,X11,5-14,2,2,10
2019,X11,15-19,0,1,24
2019,X11,20-24,0,10,16
2019,X11,25-34,0,1,28
2019,X11,35-44,1,1,37
2019,X11,45-54,1,1,25
2019,X11,55-64,0,2,34
2019,X11,65-74,2,1,21
2019,X11,75+,0,1,6
2019,X12,0-4,14,5,13
2019,X12,5-14,18,12,21
2019,X12,15-19,9,14,17
2019,X12,20-24,12,13,16
2019,X12,25-34,14,14,7
2019,X12,35-44,20,15,11
2019,X12,45-54,24,25,16
2019,X12,55-64,31,31,17
2019,X12,65-74,18,13,9
2019,X12,75+,8,7,5
2019,X13,0-4,13,11,16
2019,X13,5-14,14,7,15
2019,X13,15-19,1,3,14
2019,X13,20-24,4,1,13
2019,X13,25-34,27,29,24
2019,X13,35-44,7,6,13
2019,X13,45-54,7,9,19
2019,X13,55-64,12,7,20
2019,X13,65-74,3,4,14
2019,X13,75+,1,1,11
2019,X14,0-4,0,0,21
2019,X14,5-14,0,0,24
2019,X14,15-19,0,0,17
2019,X14,20-24,0,0,12
2019,X14,25-34,0,0,15
2019,X14,35-44,0,0,27
2019,X14,45-54,0,0,12
2019,X14,55-64,0,0,19
2019,X14,65-74,0,0,23
2019,X14,75+,0,0,9
2019,YKV,0-4,0,0,0
2019,YKV,5-14,0,0,0
2019,YKV,15-19,0,0,0
2019,YKV,20-24,0,0,0
2019,YKV,25-34,0,0,0
2019,YKV,35-44,0,0,0
2019,YKV,45-54,0,0,0
2019,YKV,55-64,0,0,0
2019,YKV,65-74,0,0,0
2019,YKV,75+,0,0,0
