monitoring_location,avg_daily_peds,n_days
12 Street SE Pathway,407.76980728051393,1868
Bow River Pathway,763.4935483870968,2790
CPR Pumphouse RD,152.5731874145007,731
Inglewood Bird Sanctuary,96.85011021307862,1361
Lindsay Park,809.299117882919,1247
Memorial Drive at 19 St NW,538.9709141274238,1444
Memorial Drive at Prince's Island,399.1029776674938,1612
North Glenmore,662.6787096774193,1550
Nose Creek,200.90282685512366,1132
Parkdale,620.8964316797214,1149
Peace Bridge,3352.616449511401,2456
South Glenmore,837.7636476426799,1612
Wetlands,60.496317280453255,1765
