monitoring_location,latitude,longitude,lon,lat
Inglewood Bird Sanctuary,51.02953396,-114.0112214,-114.01122140000001,51.02953396
River Walk,51.05029238,-114.0546155,-114.0546155,51.05029238
Lindsay Park,51.03300328,-114.0643532,-114.0643532,51.03300328
Memorial Drive at 19 St NW,51.04897085,-114.1046078,-114.1046078,51.04897085
10 Street North of 5 Ave NW,51.05897537,-114.0854958,-114.0854958,51.05897537
Nose Creek,51.04688668,-114.0198607,-114.0198607,51.04688668
South Glenmore,50.98707432,-114.1254047,-114.1254047,50.98707432
12 St SE Pathway,51.04479,-114.03258,-114.03258,51.04479
12 Ave West of 8 St SW,51.04198,-114.08213,-114.08213,51.04198
Parkdale,51.05547003,-114.1308413,-114.1308413,51.05547003
Memorial Drive at Prince's Island,51.05694245,-114.0664882,-114.0664882,51.05694245
Peace Bridge,51.05356,-114.07836,-114.07836,51.05356
12 Ave West of 2 St SW,51.041634,-114.068985,-114.068985,51.041634
7 Street South of 3 Ave SW,51.050327,-114.0784,-114.0784,51.05032700000001
9 Ave West of 4 Street SE,51.04436368,-114.0539707,-114.05397070000001,51.04436368
Bow River Pathway,51.04957609,-114.0863856,-114.0863856,51.04957609
8 Ave West of 8 St SW,51.045986,-114.081795,-114.081795,51.045986
North Glenmore,50.97577494,-114.0994951,-114.0994951,50.97577494
5 Street North of 15 Ave SW,51.039036,-114.07439,-114.07439,51.039036
12 Ave West of 3 St SE,51.04131,-114.05776,-114.05776,51.04131
Edmonton Tr North of Memorial Dr,51.051323,-114.050316,-114.050316,51.051323
5 Street North of 5 Ave SW,51.049423,-114.07359,-114.07359,51.049423000000004
Wetlands,50.925087,-113.921745,-113.921745,50.925087
8 Ave West of 3 Street SW,51.045746,-114.07067,-114.07067,51.045746
5 Street North of 10 Ave SW,51.044643,-114.073906,-114.073906,51.044643
5 Street North of 9 Ave SW,51.04514772,-114.0738145,-114.0738145,51.04514772
