asset_id,name,operator,category,address,latitude,longitude,source_url,coord_method
A001,Country Hills Toyota,Country Hills Toyota,dealer,"20 FREEPORT LD NE, Calgary, AB",51.153069,-114.010355,https://data.calgary.ca/resource/vdjc-pybd.json?tradename=COUNTRY+HILLS+TOYOTA&address=20+FREEPORT+LD+NE,open_calgary_business_licence_point
A002,Mercedes-Benz Country Hills,Mercedes-Benz Country Hills,dealer,"2450 COUNTRY HILLS BV NE, Calgary, AB",51.155589,-114.003006,https://data.calgary.ca/resource/vdjc-pybd.json?tradename=MERCEDES-BENZ+COUNTRY+HILLS&address=2450+COUNTRY+HILLS+BV+NE,open_calgary_business_licence_point
A003,Universal Ford Lincoln,Universal Ford Lincoln,dealer,"2800 BARLOW TR NE, Calgary, AB",51.077702,-113.999812,https://data.calgary.ca/resource/vdjc-pybd.json?tradename=UNIVERSAL+FORD+LINCOLN&address=2800+BARLOW+TR+NE,open_calgary_business_licence_point
A004,Calgary Hyundai,Calgary Hyundai,dealer,"1920 23 ST NE, Calgary, AB",51.069288,-114.003809,https://data.calgary.ca/resource/vdjc-pybd.json?tradename=CALGARY+HYUNDAI&address=1920+23+ST+NE,open_calgary_business_licence_point
A005,T & T Honda,T & T Honda,dealer,"888 MERIDIAN RD NE, Calgary, AB",51.059846,-113.999647,https://data.calgary.ca/resource/vdjc-pybd.json?tradename=T+%26+T+HONDA+%2F+GO+T+%26+T+HONDA&address=888+MERIDIAN+RD+NE,open_calgary_business_licence_point
A006,Advantage Ford,Advantage Ford Sales,dealer,"12800 MACLEOD TR SE, Calgary, AB",50.937825,-114.06796,https://data.calgary.ca/resource/vdjc-pybd.json?tradename=ADVANTAGE+FORD+SALES&address=12800+MACLEOD+TR+SE,open_calgary_business_licence_point
A007,Calgary Honda,Calgary Honda,dealer,"11700 LAKE FRASER DR SE, Calgary, AB",50.949086,-114.068547,https://data.calgary.ca/resource/vdjc-pybd.json?tradename=CALGARY+HONDA&address=11700+LAKE+FRASER+DR+SE,open_calgary_business_licence_point
A008,Maclin Ford,Maclin Ford,dealer,"135 GLENDEER CI SE, Calgary, AB",50.990505,-114.03232,https://data.calgary.ca/resource/vdjc-pybd.json?tradename=MACLIN+FORD&address=135+GLENDEER+CI+SE,open_calgary_business_licence_point
A009,Porsche Centre Calgary,Porsche Centre Calgary,dealer,"8300 BLACKFOOT TR SE, Calgary, AB",50.980068,-114.04725,https://data.calgary.ca/resource/vdjc-pybd.json?tradename=PORSCHE+CENTRE+CALGARY&address=8300+BLACKFOOT+TR+SE,open_calgary_business_licence_point
A010,Charlesglen Toyota,Charlesglen Toyota,dealer,"7687 110 AV NW, Calgary, AB",51.152456,-114.193802,https://data.calgary.ca/resource/vdjc-pybd.json?tradename=CHARLESGLEN+TOYOTA&address=7687+110+AV+NW,open_calgary_business_licence_point
A011,North Star Ford,North Star Ford Sales (Calgary),dealer,"21 CROWFOOT CI NW, Calgary, AB",51.122511,-114.202872,https://data.calgary.ca/resource/vdjc-pybd.json?tradename=NORTH+STAR+FORD+SALES+%28CALGARY%29&address=21+CROWFOOT+CI+NW,open_calgary_business_licence_point
A012,Wolfe Chevrolet GMC Buick,Wolfe Chevrolet GMC Buick Calgary,dealer,"768 101 ST SW, Calgary, AB",51.064347,-114.23401,https://data.calgary.ca/resource/vdjc-pybd.json?tradename=WOLFE+CHEVROLET+GMC+BUICK+CALGARY&address=768+101+ST+SW,open_calgary_business_licence_point
A013,Hertz Canada (off-airport base),Hertz Canada,rental_lot,"10330 25 ST NE, Calgary, AB",51.148407,-113.996491,https://data.calgary.ca/resource/vdjc-pybd.json?tradename=HERTZ+CANADA&address=10330+25+ST+NE,open_calgary_business_licence_point
A014,"YYC Economy Lot (Calgary Airport Authority, surface)",Calgary Airport Authority,rental_lot,"Airport Rd NE (north of terminal), Calgary, AB",51.135203,-114.009587,https://www.yyc.com/Park,osm_overpass_way_centroid (way 49953490)
A015,Park & Jet Calgary (fenced surface lot),Park & Jet Calgary,rental_lot,"2222 Airport Ave NE, Calgary, AB",51.137721,-114.007552,https://www.parkandjetcalgary.com/,osm_overpass_way_centroid (way 621607435)
A016,U-Haul Moving & Storage at Deerfoot,U-Haul,fleet_lot,"2615A 12 ST NE, Calgary, AB",51.075868,-114.025472,https://data.calgary.ca/resource/vdjc-pybd.json?tradename=U-HAUL+MOVING+%26+STORAGE+AT+DEERFOOT&address=2615A+12+ST+NE,open_calgary_business_licence_point
A017,Great West Truck Lease & Rentals / PacLease,Great West Truck Lease & Rentals,fleet_lot,"5911 5 ST SE, Calgary, AB",50.999982,-114.051516,https://data.calgary.ca/resource/vdjc-pybd.json?tradename=GREAT+WEST+TRUCK+LEASE+%26+RENTALS+%2F+PACLEASE&address=5911+5+ST+SE,open_calgary_business_licence_point
A018,Country Hills RV Storage,Country Hills RV Storage,rv_storage,"11420 15 ST NE, Calgary, AB",51.155519,-114.022677,https://data.calgary.ca/resource/vdjc-pybd.json?tradename=COUNTRY+HILLS+RV+STORAGE&address=11420+15+ST+NE,open_calgary_business_licence_point
A019,Cornerstone Storage and RV Parking,Cornerstone Storage and RV Parking,rv_storage,"8450 114 AV SE, Calgary, AB",50.950907,-113.91547,https://data.calgary.ca/resource/vdjc-pybd.json?tradename=CORNERSTONE+STORAGE+AND+RV+PARKING&address=8450+114+AV+SE,open_calgary_business_licence_point
A020,Oliver Bowen LRT Maintenance Facility (outdoor LRV storage tracks),Calgary Transit,transit,"3910 54 Av NE, Calgary, AB",51.10497,-113.9785,https://data.calgary.ca/resource/crbp-innf.json?facilityname=OLIVER+BOWEN+MAINTENANCE+FACILITY,osm_overpass_way_centroid (way 219134583)
A021,Haysboro LRV Storage (outdoor LRT storage yard),Calgary Transit,transit,"97 Heritage RO SW (as listed by City), Calgary, AB",50.9757,-114.07537,https://data.calgary.ca/resource/crbp-innf.json?facilityname=HAYSBORO+LRV+STORAGE,osm_overpass_way_centroid (way 19259984)
A022,Blue Grass Nursery Sod & Garden Centre (Balzac),Blue Grass Ltd.,greenhouse,"260130B Writing Creek Cres, Rocky View County, AB",51.19138,-114.00034,https://www.bluegrassnursery.com/,osm_overpass_node (node 8836561120)
A023,Deerfoot Solar Park (37 MW),ATCO / Chiniki & Goodstoney First Nations (developed by DP Energy),solar,"near 114 Av SE & 52 St SE, Calgary, AB",50.944797,-113.964232,https://majorprojects.alberta.ca/details/Deerfoot-Solar-Project/5536,osm_overpass_way_centroid (way 980643603)
