comm_code,school,hospital,seniors_res,childcare,traffic,ped,seniors_share,seniors75_share,children_share,lim_65,no_english,transit_work,equity_seniors,name,sector,rep_lat,rep_lon,population_2019,share_65p,share_75p,share_0_14
01B,0.006900789322659247,0.00012694091860051754,0.0,0.007581915195745047,0.016773954407858158,0.34692397715569706,0.5,0.5,0.5,0.04300884955752213,0.27592920353982303,0.38716814159292035,0.18955752212389382,01B,NORTHWEST,51.10285105,-114.24261793596239,,,,
01C,0.037559577190344584,3.3645521686275532e-06,0.0,0.20491559352093802,0.07579611816308657,0.3636652769899271,0.5,0.5,0.5,0.06350858927641853,0.5403435710567412,0.12441436751691827,0.4992191566892244,01C,WEST,51.08495739999999,-114.23221712784947,,,,
01F,0.021304508423375102,8.581086109355347e-06,0.0,0.002924408163630614,0.0,0.3139219174234622,0.5,0.5,0.5,0.12350904193920739,0.2770296267795306,0.4451712196998846,0.18930357829934588,01F,NORTHWEST,51.11731575,-114.26120078306951,,,,
01H,2.5342072744703474e-06,9.123977254783326e-08,0.0,0.0012066057764029635,0.0,0.3139219174234622,0.5,0.5,0.5,0.5,0.5,0.5,0.5,01H,WEST,51.0946412,-114.28319211815898,,,,
01K,0.02971789552985023,1.0450467339291479e-05,0.0,0.02993444957567186,0.0,0.33041396833111886,0.5,0.5,0.5,0.5923868700182012,0.6405887152450889,0.5602523065336095,0.1826711855896567,01K,NORTHWEST,51.169111900000004,-114.222699889837,,,,
02B,0.029224047018028717,9.338144028902603e-07,0.0,0.0017460380807715478,0.0,0.3139219174234622,0.5,0.5,0.5,0.6991150442477876,0.39823008849557523,0.21238938053097345,0.035398230088495575,02B,NORTH,51.179565,-114.19934580234451,,,,
02C,0.009114529043837971,8.169471270626161e-07,0.0,0.03557566827428343,0.0,0.33904483080590186,0.5,0.5,0.5,0.6991150442477876,0.39823008849557523,0.21238938053097345,0.035398230088495575,02C,NORTH,51.179547400000004,-114.18188496906996,,,,
02E,0.11187071699147703,4.971548552982273e-05,0.0,0.021327985542741,0.0,0.384797259736916,0.5,0.5,0.5,0.6991150442477876,0.39823008849557523,0.21238938053097345,0.035398230088495575,02E,NORTHWEST,51.16251025,-114.19935081846035,,,,
02F,0.010455152338179037,4.12023174687282e-05,0.0,0.013076278560637332,0.010556812064194532,0.3613608093993826,0.5,0.5,0.5,0.6598092173313412,0.4271922767497988,0.24859211584875301,0.056085507412941035,02F,NORTHWEST,51.15969675,-114.17506073185707,,,,
02K,0.08368056158955435,1.5560483292055217e-08,0.0,0.049192856274329594,0.0,0.3139219174234622,0.5,0.5,0.5,0.5,0.5,0.5,0.5,02K,NORTH,51.1887264,-114.19946284618884,,,,
02L,2.0012815140077705e-05,4.540584852535631e-12,0.0,4.371146310929408e-06,0.0,0.3139219174234622,0.5,0.5,0.5,0.5,0.5,0.5,0.5,02L,NORTH,51.20860515,-114.11206870619654,,,,
03W,1.7217813902884054e-06,3.5336179851824206e-11,0.0,5.960418370410807e-07,0.0,0.31462612029857606,0.5,0.5,0.5,0.5,0.5,0.5,0.5,03W,NORTH,51.19790595,-114.01557938509322,,,,
05D,0.000569152133861955,6.0361885909241755e-12,0.0,0.041378654117988536,0.0,0.3139219174234622,0.5,0.5,0.5,0.6902654867256637,0.5663716814159292,0.6769911504424779,0.08849557522123894,05D,NORTHEAST,51.1795514,-113.95866822649091,,,,
05E,7.109576525803267e-05,1.1545158394920565e-11,0.0,0.0003470605314251589,0.0097223080249583,0.3139219174234622,0.5,0.5,0.5,0.6902654867256637,0.5663716814159292,0.6769911504424779,0.08849557522123894,05E,NORTHEAST,51.169136949999995,-113.91359094871991,,,,
05F,0.002195579397932437,1.7741019749368445e-09,0.0,0.0019293236862367646,0.0,0.3139219174234622,0.5,0.5,0.5,0.6902654867256638,0.5663716814159292,0.6769911504424778,0.08849557522123892,05F,NORTHEAST,51.1505966,-113.91650690164523,,,,
05G,0.032015958937749306,2.0274047915927588e-08,0.0,0.007335639982268812,0.0,0.3139219174234622,0.5,0.5,0.5,0.6902654867256638,0.5663716814159292,0.6769911504424778,0.08849557522123892,05G,NORTHEAST,51.1360819,-113.9165079943478,,,,
06A,0.0407943148102946,3.7699548583630293e-07,0.0,0.020127748077023746,0.12652447792289684,0.3139219174234622,0.5,0.5,0.5,0.4149374427830333,0.5511901129081477,0.5121299969484284,0.17096429661275558,06A,WEST,51.046908099999996,-114.23122089443876,,,,
06B,0.27708529572470486,1.1773205921593467e-06,0.0,0.015264433501848914,0.1439083489494313,0.3139219174234622,0.5,0.5,0.5,0.19469026548672566,0.4601769911504425,0.23008849557522126,0.061946902654867256,06B,WEST,51.0784885,-114.23052387905165,,,,
06C,0.09777107364262906,5.151483281609702e-06,0.0,0.02391756119096096,0.06917485224768848,0.3139219174234622,0.5,0.5,0.5,0.19469026548672566,0.46017699115044247,0.23008849557522124,0.061946902654867256,06C,WEST,51.0805326,-114.22513904109404,,,,
09D,0.0018187993677702525,7.4423444008068506e-06,0.0,0.001648493000579729,0.2570609411592917,0.4011817926479475,0.5,0.5,0.5,0.752212389380531,0.2168141592920354,0.336283185840708,0.6138374899436846,09D,CENTRE,51.0119719,-114.01099249986999,,,,
09H,0.005520446148018452,3.1275779163276195e-06,0.0,0.011081029995265649,0.0667290329982614,0.49179534420265625,0.5,0.5,0.5,0.7345132743362832,0.2168141592920354,0.3495575221238938,0.6371681415929203,09H,EAST,51.006385449999996,-114.01539157026949,,,,
09O,0.10624579639853031,6.179030919668484e-07,0.0,1.1044210772884413e-06,0.0,0.3139219174234622,0.5,0.5,0.5,0.5,0.5,0.5,0.5,09O,EAST,51.05535675,-113.87710721431132,,,,
09P,5.791589962393523e-06,1.414124681744878e-06,0.0,3.654710566794876e-05,0.0,0.31524229781430063,0.5,0.5,0.5,0.5,0.5,0.5,0.5,09P,EAST,51.0269161,-113.88877897436403,,,,
09Q,0.0050674627350208975,0.001160841798215306,0.0,0.0022122040853102477,0.037495506210918926,0.3496410978620972,0.5,0.5,0.5,0.672566371681416,0.6194690265486725,0.3495575221238938,0.45132743362831856,09Q,EAST,51.0263656,-113.93397515283183,,,,
10D,0.005394126894386861,5.74136087231617e-05,0.0,0.0001705006486433872,0.0,0.3139219174234622,0.5,0.5,0.5,0.5309734513274337,0.9911504424778761,0.6150442477876106,0.26548672566371684,10D,NORTHEAST,51.10368975,-113.9153209024893,,,,
10E,0.014633755044925213,0.0014043990016205554,0.0,0.0016102848187905792,0.09182315830077432,0.3139219174234622,0.5,0.5,0.5,0.5752212389380531,0.9734513274336284,0.29646017699115046,0.672566371681416,10E,NORTHEAST,51.08185335,-113.9161616258082,,,,
11B,0.006104882113553554,1.1850228735066534e-05,0.0,0.006499661429987696,0.13244693138079136,0.319870615436594,0.5,0.5,0.5,0.49783570604078486,0.5020681031165833,0.502645248172374,0.5046652558676413,11B,SOUTH,50.981218999999996,-114.1620282439402,,,,
12A,1.3049851516217653e-08,1.2275896752761835e-10,0.0,2.589052024373445e-09,0.02126639466453219,0.3178079868011807,0.5,0.5,0.5,0.5290200372924498,0.4649569360996833,0.4813833723029568,0.5169739840767159,12A,SOUTHEAST,50.96483535,-113.89322739490736,,,,
12B,2.886387133299604e-05,2.8784856156286006e-08,0.0,5.501600222556188e-06,0.0142853426889024,0.3172576152529488,0.5,0.5,0.5,0.5359063386543591,0.4566414023796418,0.4769657450141847,0.521001820722361,12B,SOUTHEAST,50.93962905,-113.89870454884971,,,,
12C,0.0007580740110312182,5.828517015293262e-07,0.0,0.00015393605301110915,0.009144723606946377,0.3139219174234622,0.5,0.5,0.5,0.5246199228500114,0.4960290447016111,0.41978670297254367,0.4134331744951214,12C,SOUTHEAST,50.9245771,-113.90329258177655,,,,
12J,0.00017315629640902807,2.1515665901354504e-05,0.0,0.00032452736594290273,0.00027709236533311044,0.3144476797510359,0.5,0.5,0.5,0.5,0.5,0.5,0.5,12J,SOUTHEAST,50.88137515,-113.88290839142321,,,,
12K,2.167281828549944e-11,6.057841906050001e-10,0.0,8.976907989115695e-10,0.04891270772842404,0.3139219174234622,0.5,0.5,0.5,0.6172566371681416,0.3584070796460177,0.42477876106194684,0.5685840707964601,12K,SOUTHEAST,50.9763971,-113.91262579020861,,,,
12L,3.912238465620552e-07,8.003662706920725e-08,0.0,1.6935892367262152e-08,0.0,0.3139219174234622,0.5,0.5,0.5,0.5,0.5,0.5,0.5,12L,SOUTHEAST,50.915920299999996,-113.87153827225146,,,,
13A,1.9825449178826563e-09,3.011323025366696e-11,0.0,2.119652013107895e-11,0.0,0.3139219174234622,0.5,0.5,0.5,0.25663716814159293,0.7256637168141593,0.827433628318584,0.07079646017699115,13A,SOUTH,50.9142581,-114.19819483977764,,,,
13C,9.967535233606173e-07,1.5757238535150798e-09,0.0,5.379454002518569e-08,0.0,0.3139219174234622,0.5,0.5,0.5,0.25663716814159293,0.7256637168141593,0.827433628318584,0.07079646017699115,13C,SOUTH,50.912276649999995,-114.17499691278596,,,,
13E,6.604983823913142e-10,3.6792980963220395e-11,0.0,5.770640230933234e-12,0.0,0.3139219174234622,0.5,0.5,0.5,0.283677482792527,0.700589970501475,0.7910521140609635,0.11848574237954769,13E,SOUTH,50.89892485,-114.19819823877458,,,,
13F,2.879374306503388e-07,2.0018787557027198e-09,0.0,1.1722734538059761e-08,0.0,0.3139219174234622,0.5,0.5,0.5,0.26677728613569324,0.7162610619469026,0.8137905604719764,0.08867994100294985,13F,SOUTH,50.9030932,-114.17500494609502,,,,
13G,0.0015985650501946051,1.6584879747515743e-06,0.0,0.000662473134696688,0.013035369192979585,0.3139219174234622,0.5,0.5,0.5,0.25663716814159293,0.7256637168141593,0.827433628318584,0.07079646017699115,13G,SOUTH,50.8960677,-114.14356914566096,,,,
13H,0.009944217320954745,6.378824511041755e-05,0.0,0.0016809050977852867,0.0,0.3139219174234622,0.5,0.5,0.5,0.2809734513274337,0.7030973451327434,0.7946902654867256,0.11371681415929205,13H,SOUTH,50.8903646,-114.11671815488705,,,,
13I,0.023225144110524475,0.0005414410498069842,0.0,0.01861726893320064,0.0,0.3139219174234622,0.5,0.5,0.5,0.25663716814159293,0.7256637168141593,0.827433628318584,0.07079646017699115,13I,SOUTH,50.8912923,-114.09450599244987,,,,
13J,0.042251527015523614,8.147158066528066e-05,0.0,0.024297363746918828,0.0,0.3139219174234622,0.5,0.5,0.5,0.9026548672566371,0.6106194690265486,0.9823008849557522,0.22123893805309736,13J,SOUTH,50.87226765,-114.08813844964492,,,,
13M,0.012864712364120357,2.146221119741756e-06,0.0,0.007360251051610121,0.0074071786001112,0.3170204100739631,0.5,0.5,0.5,0.6973451327433628,0.19999999999999998,0.5646017699115045,0.752212389380531,13M,SOUTH,50.8562445,-114.04277151070642,,,,
13N,0.029546607695903386,1.7597437462722426e-07,0.0,0.02110982978315374,0.0,0.3139219174234622,0.5,0.5,0.5,0.5,0.5,0.5,0.5,13N,SOUTH,50.937129150000004,-114.14243153046951,,,,
ABB,0.3060304173342685,0.0034133091501193087,0.0,0.14337538083691442,0.05997473967449874,0.6321032154708777,0.2822966507177033,0.18181818181818182,0.8229665071770336,0.6342182890855457,0.7327433628318585,0.5297935103244837,0.3669616519174041,ABBEYDALE,NORTHEAST,51.0581298,-113.92781148518796,5951.0,0.08771635019324484,0.022013107040833473,0.2204671483784238
ABP,0.014593514902311774,0.001840351567847293,0.0,0.0390594929330788,0.025332108942832342,0.3612747330520376,0.5,0.5,0.5,0.5134243287835608,0.8498575071246437,0.3008849557522124,0.43152842357882104,AURORA BUSINESS PARK,NORTH,51.1361427,-114.05851886164797,,,,
ABR,0.011984849993394157,3.6089995299651155e-10,0.0,0.011074479928334833,0.0,0.3167908920998519,0.5,0.5,0.5,0.4975964164754725,0.5120179176226374,0.4783677482792527,0.48055282421064127,AMBLERIDGE,NORTH,51.1904966,-114.13042450044865,,,,
ACA,0.29777304702039,0.11251861773900582,0.0,0.22613625248762415,0.026223857226359233,0.6503431236631545,0.7751196172248804,0.8755980861244019,0.24880382775119617,0.5292716133424098,0.2878658951667802,0.5509700476514635,0.8297311095983662,ACADIA,SOUTH,50.9724277,-114.05371455818221,10481.0,0.1796584295391661,0.0908310275737048,0.13863180994179944
ALB,0.2022574956541475,0.014613114467613413,0.0,0.16429372847687157,0.0943827415518626,0.6656296080657242,0.291866028708134,0.37320574162679426,0.7272727272727273,0.8918694690265486,0.5851769911504424,0.7268390486725663,0.6630254424778761,ALBERT PARK/RADISSON HEIGHTS,EAST,51.044436149999996,-113.99679872181076,6987.0,0.08916559324459711,0.037068842135394305,0.1943609560612566
ALP,0.006809038178758786,3.659712230309433e-07,0.0,0.0037579477371936505,0.0,0.3264885522707727,0.5,0.5,0.5,0.25061581972447766,0.7177264848097801,0.8264756865249521,0.08393394763251529,ALPINE PARK,SOUTH,50.9171706,-114.14704437857907,,,,
ALT,0.2914132989698279,0.0027149026039853356,0.0,0.20420020725988405,0.030739417271169522,0.6703833007291189,0.15311004784688995,0.19617224880382775,0.7990430622009569,0.24607980127309426,0.06505201055736687,0.07133985405992858,0.5052010557366868,ALTADORE,CENTRE,51.0159532,-114.10080304145595,6929.0,0.06884110261220955,0.022802713234232934,0.21489392408716987
APP,0.08026631450573923,0.0012316329699732147,0.0,0.016877783550787707,0.0,0.5488731659689435,0.3157894736842105,0.291866028708134,0.6650717703349283,0.6106194690265486,0.7079646017699115,0.5132743362831859,0.336283185840708,APPLEWOOD PARK,EAST,51.04717155,-113.92814590214624,6959.0,0.09354792355223451,0.02902715907457968,0.18393447334387125
ARB,0.14126033715635375,0.06976240550323098,0.0,0.13175791935852477,0.062308750424369314,0.6656424552214384,0.7894736842105263,0.8421052631578947,0.28708133971291866,0.5190387269627345,0.6196314037509133,0.7527807095883737,0.6830397012259479,ARBOUR LAKE,NORTHWEST,51.13303875,-114.20713544886186,10590.0,0.18555240793201133,0.08375826251180359,0.14702549575070822
ASP,0.187157586652415,1.441962221631499e-05,0.0,0.15609390116291078,0.01786693774091068,0.5395321060052827,0.11004784688995216,0.22966507177033493,0.9473684210526315,0.4778761061946903,0.5752212389380531,0.6283185840707964,0.07964601769911504,ASPEN WOODS,WEST,51.045491,-114.20831019666667,9417.0,0.05861739407454603,0.024105341403844113,0.2659020919613465
AUB,0.22696074620247036,0.07185754257131861,0.0,0.17301332792545587,0.0630476137726528,0.5971051359326423,0.05263157894736842,0.07655502392344497,0.9904306220095693,0.5453921269453769,0.36397619774183704,0.03139304241684467,0.02929508696978944,AUBURN BAY,SOUTHEAST,50.89255355,-113.95776102895907,17553.0,0.04512049222355153,0.012248618469777246,0.29408078391158204
AYB,0.05684691234833245,0.0002730279118129761,0.0,0.03891357361099743,0.019462634624492905,0.5115129718269201,0.5,0.5,0.5,0.9279129793510325,0.21815081120943955,0.2084716076696165,0.3820980825958702,ALYTH/BONNYBROOK,CENTRE,51.0228673,-114.02249630549231,,,,
BDO,0.08889036790063358,2.153224947340706e-05,0.0,0.2203415850704303,0.06987529675489149,0.5895699305843488,0.5215311004784688,0.5263157894736842,0.507177033492823,0.07458912768647283,0.029077117572692796,0.13906447534766117,0.8938053097345132,BONAVISTA DOWNS,SOUTH,50.944391800000005,-114.03082213802827,925.0,0.13945945945945945,0.04972972972972973,0.1654054054054054
BED,0.15543836488638316,0.005478655893091031,0.0,0.1620610923197732,0.02709515572461146,0.6805300132411358,0.4688995215311004,0.4019138755980861,0.6985645933014354,0.5914454277286135,0.9217235566793088,0.6836283185840708,0.6177833965444585,BEDDINGTON HEIGHTS,NORTH,51.1318399,-114.08437786320104,11478.0,0.12789684614044258,0.04016379160132427,0.18923157344485103
BEL,0.07370825255153841,0.10043388974398884,0.0,0.0492788118120037,0.0,0.3598947396578704,0.8660287081339713,0.784688995215311,0.22488038277511962,0.415929203539823,0.026548672566371685,0.3495575221238938,0.9734513274336283,BEL-AIRE,CENTRE,50.998782500000004,-114.08895242873777,381.0,0.2178477690288714,0.07611548556430446,0.13385826771653545
BLM,0.003313159340056618,0.00010281201764431676,0.0,0.01795193913530568,0.012339241003128873,0.40963613232953516,0.5,0.5,0.5,0.8120770432066632,0.4294638209266007,0.7980218636127017,0.4554919312857887,BELMONT,SOUTH,50.86868465,-114.05526156545149,,,,
BLN,0.23093501431183736,0.16205183622066624,0.0,0.22925650697203048,0.015686607626308694,0.8688932587827755,0.13875598086124402,0.2631578947368421,0.05263157894736842,0.9760541384695471,0.5679333680374805,0.4534747527329516,0.4587454450806871,BELTLINE,CENTRE,51.0374569,-114.05519790780576,24342.0,0.0659354202612768,0.0269082244679977,0.049051022923342374
BNF,0.2710905371411854,0.10696379254014404,0.0,0.24283053468549098,0.09593089104425362,0.6765310156144347,0.27751196172248804,0.3492822966507177,0.14354066985645933,0.4680432645034415,0.511307767944936,0.9021632251720748,0.3657817109144543,BANFF TRAIL,CENTRE,51.075209650000005,-114.11264567500001,4100.0,0.08756097560975609,0.03414634146341464,0.11756097560975609
BNK,0.19354013557115096,0.004657552173026056,0.0,0.24851105977153018,0.0,0.788590136691321,0.10047846889952153,0.11004784688995214,0.07655502392344497,0.9159292035398231,0.33628318584070793,0.7986725663716815,0.20353982300884957,BANKVIEW,CENTRE,51.0341559,-114.10049751542567,5239.0,0.057453712540561176,0.014315709104790991,0.07501431570910479
BOW,0.21618906481027367,0.001245994534425209,0.0,0.18421248641355836,0.01898754860538471,0.6354947292293373,0.6076555023923444,0.645933014354067,0.39712918660287083,0.8178145440554059,0.08054379889701167,0.3536616647428498,0.7708734128510966,BOWNESS,NORTHWEST,51.083364,-114.18842657458543,11113.0,0.14658508053630884,0.05867002609556375,0.15720327544317467
BRA,0.19711319041595787,0.0004015480227417701,0.0,0.1833901267472828,0.0,0.6332920801735168,0.6698564593301436,0.6363636363636364,0.5119617224880383,0.26548672566371684,0.25663716814159293,0.26548672566371684,0.7787610619469026,BRAESIDE,SOUTH,50.9559462,-114.10638025213268,5785.0,0.16179775280898875,0.05859982713915298,0.16663785652549698
BRD,0.18060072840686284,0.0019214538447716839,0.0,0.22729964985620363,0.04706598769735855,0.615261564107646,0.7799043062200957,0.8564593301435407,0.17703349282296652,0.9643719112745661,0.20239052982415817,0.499597747385358,0.8133547868061143,BRIDGELAND/RIVERSIDE,CENTRE,51.050571950000005,-114.0350932980379,6822.0,0.18454998534154207,0.08457930225740252,0.12445030782761654
BRE,0.3036523508681614,0.0021955885872200643,0.0,0.3137053229744069,0.02315730043999643,0.6911033936169106,0.6411483253588517,0.8086124401913876,0.24401913875598083,0.4081858407079646,0.49459193706981314,0.920353982300885,0.8592674532940019,BRENTWOOD,NORTHWEST,51.096233299999994,-114.13604657983652,7251.0,0.15280650944697283,0.07764446283271273,0.1384636601848021
BRI,0.1889861564745641,0.000248401498718428,0.0,0.13684437552821965,0.02230147500485664,0.5229183281200825,0.1674641148325359,0.1674641148325359,0.8803827751196173,0.34987738564878984,0.6412197462416036,0.7940078899669475,0.15524043074954685,BRIDLEWOOD,SOUTH,50.899176499999996,-114.1101871917262,12608.0,0.06971763959390863,0.020383883248730965,0.23516814720812182
BRT,0.17580296787492405,0.0024116695100875976,0.0,0.27580447652415635,0.0,0.4673736407773483,0.8755980861244019,0.6794258373205742,0.16267942583732056,0.8053097345132744,0.34513274336283184,0.6769911504424779,0.5309734513274337,BRITANNIA,CENTRE,51.0126323,-114.08631873044047,685.0,0.22043795620437956,0.061313868613138686,0.11970802919708029
BUR,0.11552544454740266,0.00019945131737284503,0.0,0.07598181565438793,0.15217333228700375,0.4647033631328173,0.5,0.5,0.5,0.3759866060751017,0.1493661803396317,0.3396914613728773,0.8313800526189906,BURNS INDUSTRIAL,CENTRE,50.99871255,-114.03968340643613,,,,
BVD,0.0004277144518988525,3.927367528408994e-05,0.0,0.05391619346407549,0.04398120772989495,0.37209441776898006,0.5,0.5,0.5,0.534134007585335,0.5348925410872314,0.479646017699115,0.4790139064475347,BELVEDERE,EAST,51.04065575,-113.90498791983566,,,,
BYV,0.06929587122059999,0.004201353283757835,0.0,0.14030984306231306,0.0,0.6408322410510876,0.8947368421052632,0.8373205741626796,0.2822966507177033,0.336283185840708,0.168141592920354,0.168141592920354,1.0,BAYVIEW,SOUTH,50.974673249999995,-114.11402655227687,751.0,0.22769640479360853,0.08255659121171771,0.14647137150466044
CAM,0.24817676540327127,0.0021454741431289493,0.0,0.3095435687973259,0.012014579600914314,0.6988886808351278,0.5311004784688995,0.7272727272727273,0.4258373205741627,0.8141592920353983,0.3185840707964602,0.6150442477876106,0.3893805309734513,CAMBRIAN HEIGHTS,CENTRE,51.084043699999995,-114.08946581584311,2032.0,0.13976377952755906,0.06643700787401575,0.15994094488188976
CAN,0.20324109692849662,0.00018836365351589376,0.0,0.2029777304870526,0.04014195204656686,0.6171047932118993,0.6746411483253588,0.6076555023923444,0.33014354066985646,0.13831530645689938,0.38686769365235446,0.563531082705124,0.8084780946137878,CANYON MEADOWS,SOUTH,50.94095035,-114.08201998641262,7606.0,0.16197738627399422,0.05600841440967657,0.15145937417828031
CAP,0.2422182338801888,0.08152200786518266,0.0,0.343225837845767,0.0,0.75016487495663,0.33014354066985646,0.3684210526315789,0.3492822966507177,0.8141592920353983,0.3185840707964602,0.6150442477876106,0.3893805309734513,CAPITOL HILL,CENTRE,51.07282425,-114.09462800120059,4725.0,0.09650793650793651,0.037037037037037035,0.15365079365079365
CAR,0.010661007303537235,4.7789027051019166e-09,0.0,0.02055551596661436,0.027711631668510647,0.4144518250334068,0.057416267942583726,0.08133971291866028,0.9234449760765551,0.4820997586484312,0.6325422365245374,0.2738334674175382,0.2841914722445696,CARRINGTON,NORTH,51.18676275,-114.08877665459255,557.0,0.0466786355475763,0.012567324955116697,0.2513464991023339
CAS,0.32945388886294863,0.00027823155123395105,0.0,0.21566634168106952,0.0,0.7531934155011463,0.2966507177033493,0.22009569377990432,0.784688995215311,0.7256637168141593,0.911504424778761,0.827433628318584,0.19469026548672566,CASTLERIDGE,NORTHEAST,51.10544535,-113.96088085690178,6045.0,0.09048800661703887,0.02382133995037221,0.2074441687344913
CED,0.2320856372103374,1.7266788142740345e-05,0.0,0.24116501958135977,0.014829234344012517,0.585311701686573,0.7033492822966507,0.5741626794258373,0.6076555023923444,0.26548672566371684,0.25663716814159293,0.26548672566371684,0.7787610619469026,CEDARBRAE,SOUTH,50.9588303,-114.12963516871727,6072.0,0.1663372859025033,0.051877470355731224,0.17621870882740448
CGR,0.20786364423205744,8.93458644776786e-05,0.0,0.1689831913232922,0.0,0.5071554055605705,0.04784688995215311,0.05741626794258373,0.9808612440191388,0.19469026548672566,0.46017699115044247,0.23008849557522124,0.061946902654867256,COUGAR RIDGE,WEST,51.072138949999996,-114.20942431468131,6979.0,0.04427568419544348,0.010746525290156184,0.283278406648517
CHA,0.10525814609640366,0.0030815653206198316,0.0,0.10461440274989371,0.07794912036495444,0.5093370211969156,0.21052631578947367,0.23923444976076555,0.8708133971291866,0.27289273834180633,0.14309922801732256,0.26545534425406386,0.2373062197953932,CHAPARRAL,SOUTH,50.882389700000004,-114.02497804147586,12626.0,0.07745921115159195,0.024552510692222397,0.23031839062252496
CHK,0.18416793938726167,0.07308552720585673,0.0,0.1676297391579291,0.11111209171380913,0.6385094694183263,0.8851674641148325,0.9234449760765552,0.31100478468899523,0.415929203539823,0.026548672566371685,0.3495575221238938,0.9734513274336283,CHINOOK PARK,SOUTH,50.9831366,-114.08900803788426,1655.0,0.227190332326284,0.10876132930513595,0.15045317220543808
CHN,0.33270525187364486,0.036371080133671574,0.0,0.5206166030523024,0.027034039661456725,0.7911642168336298,0.9569377990430622,0.9904306220095693,0.0430622009569378,0.9716814159292035,0.8867256637168142,0.9840707964601769,0.5752212389380531,CHINATOWN,CENTRE,51.0528294,-114.06553426295699,2455.0,0.2830957230142566,0.20122199592668025,0.03503054989816701
CHR,0.07036114424470599,0.0012095416761855598,0.0,0.09741751110219277,0.0,0.55966845332834,0.966507177033493,0.971291866028708,0.20095693779904306,0.25309734513274335,0.37168141592920356,0.5681415929203539,0.8973451327433628,CHRISTIE PARK,WEST,51.04079945,-114.17603208885376,2121.0,0.2942008486562942,0.15464403583215464,0.13107024988213106
CHV,0.15577555261692402,3.819861880741208e-06,0.0,0.25455285950761,0.0,0.7432624715226415,0.9760765550239233,0.9760765550239233,0.11961722488038277,0.6548672566371682,0.7964601769911505,0.3495575221238938,0.4690265486725664,COUNTRY HILLS VILLAGE,NORTH,51.158301449999996,-114.06142922371535,2589.0,0.31672460409424485,0.15720355349555812,0.10505986867516416
CHW,0.21283156034660555,0.0030348089837995184,0.0,0.20848009557141134,0.03163993053410487,0.6068962019785913,0.7607655502392344,0.7990430622009569,0.5215311004784688,0.17699115044247787,0.1592920353982301,0.7168141592920354,0.9026548672566371,CHARLESWOOD,NORTHWEST,51.0900495,-114.11225952473674,3556.0,0.17857142857142858,0.07733408323959505,0.16760404949381327
CIA,0.02123861978301506,0.0006157327470313136,0.0,0.003751292091802955,0.0,0.3608394551730292,0.5,0.5,0.5,0.7886995298672566,0.47372787610619466,0.5293400857300885,0.5227634126106194,CALGARY INTERNATIONAL AIRPORT,NORTHEAST,51.123684049999994,-114.01178888544582,,,,
CIT,0.23183343885313823,0.0012376766916977558,0.0,0.08298144471038411,0.08246553192175149,0.6199264846558089,0.2583732057416268,0.24401913875598086,0.722488038277512,0.36283185840707965,0.6460176991150443,0.5221238938053098,0.21238938053097345,CITADEL,NORTHWEST,51.1443752,-114.18369909389631,10044.0,0.08602150537634409,0.024691358024691357,0.19255276782158504
CLI,0.34334071827859464,0.1839525622409396,0.0,0.17292292087397176,0.010363254463458331,0.890265619636114,0.20574162679425836,0.22488038277511965,0.05741626794258373,0.9469026548672567,0.08849557522123892,0.415929203539823,0.39823008849557523,CLIFF BUNGALOW,CENTRE,51.033145149999996,-114.07423909998329,1871.0,0.07642971672902191,0.024051309460181722,0.05130946018172101
CNS,0.014109913668111883,1.3760549539189794e-09,0.0,0.034890525606788396,0.012089916714974051,0.42214784569762875,0.06220095693779904,0.023923444976076555,0.7894736842105263,0.6902654867256637,0.5663716814159292,0.6769911504424779,0.08849557522123894,CORNERSTONE,NORTHEAST,51.155952,-113.93399227886209,2634.0,0.04783599088838269,0.0030372057706909645,0.20842824601366744
COA,0.04001773535667149,0.0006017918880853976,0.0,0.046292561204856364,0.0,0.6018856915484104,0.7942583732057417,0.7177033492822966,0.5502392344497608,0.2503160556257901,0.3580910240202276,0.5173830594184576,0.7756005056890013,COACH HILL,WEST,51.058203500000005,-114.18280332580524,3223.0,0.18895439031957803,0.0657772261867825,0.17033819422897922
COL,0.2708991379322118,0.008918222210918444,0.0,0.24532870199420886,0.023015545288129203,0.6281918458255928,0.7511961722488039,0.7942583732057417,0.492822966507177,0.2440614811364695,0.17605961807172799,0.7061015370284117,0.848625989753144,COLLINGWOOD,NORTHWEST,51.0833183,-114.10233885689624,2243.0,0.17521176995095855,0.07712884529647793,0.1645118145341061
COP,0.13023303150360888,8.704080556593704e-06,0.0,0.0169964959687412,0.02358233599353016,0.4447808768331191,0.5,0.5,0.5,0.19469026548672563,0.46017699115044247,0.23008849557522124,0.06194690265486725,CANADA OLYMPIC PARK,WEST,51.081240949999994,-114.21671441596501,,,,
COR,0.1158006539934594,0.0002135109327404128,0.0,0.007013294250421623,0.04583024443483454,0.5869549316543395,0.5119617224880383,0.47368421052631576,0.4497607655502393,0.5309734513274337,0.9911504424778762,0.6150442477876106,0.26548672566371684,CORAL SPRINGS,NORTHEAST,51.1034661,-113.92697131712046,5790.0,0.1392055267702936,0.04542314335060449,0.1613126079447323
COU,0.036133001616114824,0.00021216884677832483,0.0,0.1666290270253552,0.019992895533452768,0.52477895913304,0.5263157894736842,0.5215311004784688,0.5406698564593302,0.5129056047197641,0.853613569321534,0.299594395280236,0.42072271386430676,COUNTRY HILLS,NORTH,51.14365075,-114.07992764021056,3757.0,0.13973915357998404,0.04950758583976577,0.16821932392866648
COV,0.22490242808593877,7.617093915613794e-07,0.0,0.1658571724247969,0.029359688825530854,0.6269535217711577,0.0861244019138756,0.09090909090909091,0.9090909090909091,0.4690265486725664,0.7743362831858407,0.26327433628318586,0.25663716814159293,COVENTRY HILLS,NORTH,51.1648108,-114.05320085115062,17534.0,0.05218432759210676,0.012946275807003535,0.24518079160488193
CPF,0.13153096072579434,0.00011566248532618426,0.0,0.11705736440374949,0.024419872907803834,0.48874855124633165,0.03349282296650718,0.043062200956937795,0.9425837320574163,0.6356423558132438,0.4758925846811108,0.052715898687824225,0.01785169362221544,COPPERFIELD,SOUTHEAST,50.9164158,-113.92282931568579,13791.0,0.03458777463563193,0.007178594735697194,0.2653904720469872
CRA,0.14077708777840794,0.007658804658098864,0.0,0.14111156082631476,0.033057942230869775,0.4727686852104366,0.20095693779904303,0.14832535885167464,0.9330143540669855,0.23687899763427672,0.21273985805660212,0.11388329098396566,0.12945763602908963,CRANSTON,SOUTHEAST,50.87698685,-113.97907546361782,19844.0,0.07609352953033663,0.017486393872203184,0.2532755492844185
CRE,0.19182482701301976,0.0052160840836997305,0.0,0.2708344787779557,0.05604643752458925,0.7779563686625045,0.3923444976076555,0.5645933014354066,0.11004784688995214,0.7999534233814625,0.4571495109455053,0.46215649743828596,0.4890544946436889,CRESCENT HEIGHTS,CENTRE,51.058284400000005,-114.05997256054877,6594.0,0.11373976342129208,0.05141037306642402,0.10191082802547771
CRM,0.000758639112243634,2.1143434378163791e-07,0.0,0.06847190983217052,0.0,0.42038345395017235,0.10526315789473684,0.10526315789473684,0.8899521531100478,0.25729758288204996,0.5300488706907938,0.2919693567560428,0.5485404834235901,CRESTMONT,WEST,51.08362425,-114.26909687759479,1686.0,0.05812574139976275,0.013641755634638196,0.23962040332147094
CSC,0.013832008301804527,8.546939344910014e-09,0.0,0.029867921018538603,0.0,0.42513679999197507,0.0430622009569378,0.06220095693779904,0.9617224880382775,0.6902654867256637,0.5663716814159292,0.6769911504424779,0.08849557522123894,CITYSCAPE,NORTHEAST,51.15058915,-113.96127114603867,3099.0,0.04259438528557599,0.010971281058405937,0.2752500806711842
CUR,0.359841693595237,0.0005898154378782941,0.0,0.23351376769117066,0.0,0.5404784196236307,0.22009569377990432,0.215311004784689,0.6267942583732058,0.8761061946902654,0.26548672566371684,0.4911504424778761,0.6548672566371682,CURRIE BARRACKS,WEST,51.01572405,-114.12483513675386,1260.0,0.07777777777777778,0.023809523809523808,0.17857142857142858
DAL,0.23262460527296658,0.001447400065940817,0.0,0.23863584826294956,0.02944010989210659,0.6855964687157515,0.7464114832535885,0.8325358851674642,0.5358851674641149,0.3812597605413847,0.4958875585632483,0.839875065070276,0.8627798021863613,DALHOUSIE,NORTHWEST,51.109868,-114.15925037870727,8880.0,0.175,0.0811936936936937,0.16813063063063063
DBC,0.00819152863989597,0.015504655701624702,0.0,0.014365094119309429,0.1835417547794764,0.5343317213167883,0.5,0.5,0.5,0.8407079646017699,0.4247787610619469,0.45132743362831856,0.7522123893805309,DEERFOOT BUSINESS CENTRE,NORTHEAST,51.11757485,-114.04158791060775,,,,
DDG,0.08725955583900247,9.430804704539682e-06,0.0,0.1517633744738037,0.029812367011189632,0.5696806940989502,0.5789473684210527,0.4449760765550239,0.4019138755980861,0.11101153803069341,0.3589671782233673,0.1024700347261118,0.5061610843508458,DOUGLASDALE/GLEN,SOUTHEAST,50.948445899999996,-114.01190856263156,12847.0,0.14446952595936793,0.04250019459796062,0.15731299135985055
DIA,0.06098867882762382,1.1764322664815053e-05,0.0,0.0417252665732814,0.030570442330265027,0.40343615415223294,0.9138755980861244,0.5454545454545454,0.27751196172248804,0.211283185840708,0.14933628318584072,0.16095132743362833,0.6432522123893805,DIAMOND COVE,SOUTH,50.946224900000004,-114.02267414782379,690.0,0.23768115942028986,0.050724637681159424,0.1463768115942029
DIS,0.0007589543790029441,2.850044566257522e-07,0.0,0.058705208863675286,0.017094167955970636,0.41493213274881663,0.43540669856459324,0.40669856459330145,0.5789473684210527,0.35398230088495575,0.7787610619469026,0.49115044247787615,0.3008849557522124,DISCOVERY RIDGE,WEST,51.0151391,-114.21636085789913,4273.0,0.12122630470395507,0.04048677743973789,0.17364849052188158
DNC,0.1691178239972977,0.12787118597013022,0.0,0.41629849840627525,0.06113931934034486,0.9927248309071173,0.3253588516746411,0.4354066985645933,0.09569377990430622,0.9703420234393686,0.8897392968189427,0.9870844295623056,0.5568045922028223,DOWNTOWN COMMERCIAL CORE,CENTRE,51.04736145,-114.06961842542273,8547.0,0.09594009594009593,0.041886041886041885,0.09067509067509068
DNE,0.14369976292214648,0.019032083313433593,0.0,0.31311666280448913,0.04220860994815402,0.8649209955852591,0.7320574162679426,0.5789473684210527,0.03349282296650718,1.0,0.8230088495575221,0.9203539823008848,0.9646017699115043,DOWNTOWN EAST VILLAGE,CENTRE,51.04709205,-114.05085517564744,3875.0,0.17419354838709677,0.05290322580645161,0.032
DNW,0.11462262581650509,0.03708751962791639,0.0,0.3727321236187358,0.1470964354111324,0.9296882314390039,0.37799043062200954,0.37799043062200954,0.10526315789473684,0.9646017699115044,0.902654867256637,1.0,0.4778761061946903,DOWNTOWN WEST END,CENTRE,51.0479767,-114.08779253333333,2778.0,0.11159107271418287,0.037437005039596835,0.10043196544276457
DOV,0.19831625542257597,0.0015467615894953085,0.0,0.12339614086702493,0.050009578705445756,0.5741854695253253,0.679425837320574,0.6028708133971292,0.49760765550239233,0.7381782426030215,0.52015732546706,0.37029587914543666,0.4793957271833378,DOVER,EAST,51.0225827,-113.99306073397544,10329.0,0.1626488527446994,0.05557169135443896,0.16468196340400812
DRG,0.18221963223461024,8.419712351788377e-05,0.0,0.1812516854820495,0.0,0.7312975922978499,0.5885167464114832,0.5406698564593302,0.7320574162679426,0.20353982300884957,0.1504424778761062,0.1504424778761062,0.6283185840707964,DEER RIDGE,SOUTH,50.92654255,-114.0202238370691,3960.0,0.1452020202020202,0.050505050505050504,0.1962121212121212
DRN,0.14567536268108064,8.038991748760224e-05,0.0,0.10872819410492014,0.0,0.5425068164144227,0.7416267942583733,0.3923444976076555,0.4545454545454546,0.20353982300884957,0.1504424778761062,0.1504424778761062,0.6283185840707964,DEER RUN,SOUTH,50.92251415,-114.00677550176636,5050.0,0.17485148514851484,0.03900990099009901,0.16198019801980199
EAG,0.1175345388472303,0.3577678659621144,0.0,0.08545586632159603,0.0,0.5036680621129642,0.9808612440191388,0.9569377990430622,0.1291866028708134,0.415929203539823,0.026548672566371685,0.3495575221238938,0.9734513274336283,EAGLE RIDGE,SOUTH,50.98868625,-114.09680981908721,294.0,0.3231292517006803,0.1360544217687075,0.10884353741496598
EAU,0.1264804086442062,0.032653854470100295,0.0,0.276436287125251,0.0,0.6011439174064397,0.84688995215311,0.7894736842105263,0.028708133971291863,0.9646017699115045,0.9026548672566371,1.0,0.47787610619469034,EAU CLAIRE,CENTRE,51.0536392,-114.07280552372245,2026.0,0.20829220138203355,0.07650542941757157,0.03060217176702863
EDG,0.1252667638497592,0.0003024320727631607,0.0,0.1337612254623227,0.011934231899963297,0.589241547662975,0.8086124401913877,0.7033492822966507,0.4784688995215311,0.1868818323789693,0.5799062988027069,0.536699635606455,0.8532014575741802,EDGEMONT,NORTHWEST,51.12587275,-114.14765668553824,15200.0,0.19276315789473683,0.06375,0.16375
EFI,0.016055761038415585,0.0001008882810958306,0.0,0.0013377471464136616,0.0,0.5065796595590301,0.5,0.5,0.5,0.672566371681416,0.6194690265486725,0.3495575221238938,0.45132743362831856,EASTFIELD,EAST,51.0116575,-113.9700634882588,,,,
EFV,0.04945183468383539,0.0032476710450985518,0.0,0.09670368527439172,0.09090937171804533,0.513137580750866,0.5,0.5,0.5,0.3274336283185841,0.13274336283185842,0.3185840707964602,0.8672566371681415,EAST FAIRVIEW INDUSTRIAL,SOUTH,50.984040199999995,-114.03865334379739,,,,
EPK,0.27557570853416896,0.005191794054033062,0.0,0.27747492425511927,0.0,0.6287452221132201,0.5502392344497608,0.5550239234449761,0.8277511961722489,0.3480184686417854,0.11600615621392843,0.18151212004617162,0.5100038476337052,ELBOW PARK,CENTRE,51.02133355,-114.08378656749433,3328.0,0.14182692307692307,0.05078125,0.22325721153846154
ERI,0.2249782578051675,0.0013251910101646502,0.0,0.0079818463555995,0.0,0.5884613110343502,0.18660287081339713,0.15789473684210525,0.8133971291866029,0.672566371681416,0.6194690265486725,0.3495575221238938,0.45132743362831856,ERIN WOODS,EAST,51.0212171,-113.96749769475281,7032.0,0.07494311717861206,0.019055745164960183,0.21814562002275312
ERL,0.08048345908801993,0.03285984703504399,0.0,0.0657685007829317,0.0,0.6517312673594857,0.49282296650717705,0.3444976076555024,0.08133971291866028,0.8053097345132744,0.34513274336283184,0.6769911504424779,0.5309734513274337,ERLTON,CENTRE,51.02931925,-114.06146719213223,1267.0,0.13180741910023677,0.03393843725335438,0.07892659826361484
ESH,0.003958606309295565,1.211755603733185e-07,0.0,0.0342128595075615,0.004159329018566097,0.40147345203412327,0.5,0.5,0.5,0.7336803748047892,0.21732431025507548,0.34902654867256633,0.6359396147839667,EAST SHEPARD INDUSTRIAL,SOUTHEAST,50.9515216,-113.95098691589652,,,,
EVE,0.19780777771792735,7.621580909919925e-05,0.0,0.119960318626878,0.039065120617657156,0.5718901293019736,0.3684210526315789,0.3875598086124402,0.8181818181818182,0.17406567688144517,0.539237914137351,0.796240766474073,0.35866305858260805,EVERGREEN,SOUTH,50.91874525,-114.11571487681488,21439.0,0.10639488782126032,0.038481272447408926,0.22006623443257614
EVN,0.1839019886621127,2.3249436760238502e-08,0.0,0.18248673835326246,0.020237258817234587,0.5921699429844536,0.11961722488038277,0.24880382775119617,0.9760765550239235,0.46482675866206685,0.7443377831108445,0.08527073646317684,0.11091945402729864,EVANSTON,NORTH,51.17019615,-114.11296865809106,17588.0,0.059017511939959064,0.02490334318853764,0.28286331589720265
EYA,0.2576140853934984,0.0013968282647042506,0.0,0.17507255807034314,0.0,0.6203901788222076,0.4832535885167465,0.44976076555023925,0.7177033492822966,0.8053097345132743,0.34513274336283184,0.6769911504424779,0.5309734513274337,ELBOYA,CENTRE,51.01341205,-114.07559387543282,1752.0,0.13070776255707764,0.04280821917808219,0.192351598173516
FAI,0.27145208590047143,0.05886082048139468,0.0,0.18186850120934767,0.0,0.6633638896996866,0.6124401913875598,0.7464114832535885,0.3827751196172249,0.3274336283185841,0.13274336283185842,0.3185840707964602,0.8672566371681416,FAIRVIEW,SOUTH,50.985523799999996,-114.06035575878377,3642.0,0.14689730917078528,0.06809445359692477,0.15650741350906094
FAL,0.3583968718885302,0.0008074050990836924,0.0,0.22966558466040943,0.0,0.6638102705739164,0.17703349282296654,0.1291866028708134,0.8947368421052632,0.7256637168141593,0.9115044247787609,0.827433628318584,0.19469026548672566,FALCONRIDGE,NORTHEAST,51.10322995,-113.9454577901658,10640.0,0.07368421052631578,0.01644736842105263,0.24116541353383458
FHI,0.0005497300304551766,3.97116560132454e-06,0.0,0.00028437123311258436,0.005196656549693734,0.5393464477672644,0.6028708133971292,0.01196172248803828,0.009569377990430622,0.7341802264725474,0.21897897040631842,0.34955752212389385,0.6361689980017128,FOOTHILLS,EAST,50.99502405,-113.97281526719811,274.0,0.145985401459854,0.0,0.0
FHT,0.21042141150754565,0.2052959962981052,0.0,0.26973454394610996,0.005927154947974124,0.649826126499659,0.46411483253588515,0.5980861244019139,0.583732057416268,0.8584070796460177,0.9292035398230087,0.8716814159292036,0.5132743362831859,FOREST HEIGHTS,EAST,51.0491791,-113.96879208305879,6473.0,0.12745249497914413,0.05530665842731346,0.173798856789742
FLI,0.052611355059079275,0.02451957588967426,0.0,0.12866930235721297,0.0,0.59453452057726,0.5,0.5,0.5,0.672566371681416,0.6194690265486725,0.3495575221238938,0.4513274336283186,FOREST LAWN INDUSTRIAL,EAST,51.0263656,-113.95981242453495,,,,
FLN,0.27379491091374475,0.1701159600686707,0.0,0.1874482438107705,0.0,0.7721428765580123,0.3349282296650718,0.39712918660287083,0.6507177033492823,0.8524122180987725,0.9192121039109334,0.8548387096774194,0.5112760491007708,FOREST LAWN,EAST,51.03860175,-113.9700163964506,7803.0,0.09932077406125848,0.0394719979495066,0.18198128924772525
FPK,0.03763297357677141,0.001014871484776617,0.0,0.028755736796032456,0.019648772935071352,0.3523242937224979,0.5,0.5,0.5,0.2216537610619469,0.2386384587020649,0.3158070612094395,0.6079000737463127,FISH CREEK PARK,,50.909611749999996,-114.02639074452017,,,,
FRA,0.21204925738500563,0.013436991705238937,0.0,0.07339021318332563,0.004180031022558977,0.6470753826572571,0.5,0.5,0.5,0.8938053097345131,0.6991150442477876,0.8982300884955752,0.7079646017699115,FRANKLIN,NORTHEAST,51.0577975,-113.98750961862137,,,,
FVI,0.15483406997909357,0.013630604318769963,0.0,0.2178141563942184,0.0,0.5396455544112599,0.5,0.5,0.5,0.3274336283185841,0.13274336283185842,0.3185840707964602,0.8672566371681416,FAIRVIEW INDUSTRIAL,SOUTH,50.9871395,-114.06871893385858,,,,
GAG,0.08826491113751359,0.0032046438117502127,0.0,0.0769522243181859,0.0,0.4146238387999459,0.7559808612440191,0.84688995215311,0.8086124401913876,0.8761061946902655,0.26548672566371684,0.4911504424778761,0.6548672566371682,GARRISON GREEN,WEST,51.0030294,-114.12452285679942,2057.0,0.1754982984929509,0.08410306271268839,0.21633446767136608
GAW,0.42616764024045695,0.0006803270595637186,0.0,0.3361332007298946,0.23259405695928834,0.650775910495272,0.8325358851674641,0.9330143540669857,0.6363636363636364,0.8761061946902655,0.26548672566371684,0.4911504424778761,0.6548672566371682,GARRISON WOODS,CENTRE,51.01729055,-114.11357156671954,3102.0,0.2005157962604771,0.11508704061895551,0.18020631850419083
GBK,0.30655725319580823,0.002334471481445316,0.0,0.2250921960175876,0.0,0.6800344883030819,0.42105263157894735,0.5885167464114832,0.6794258373205742,0.7195075028857253,0.3389765294343978,0.642170065409773,0.6987302808772605,GLENBROOK,WEST,51.024097600000005,-114.15270923605269,7425.0,0.1169023569023569,0.054814814814814816,0.18585858585858586
GBP,0.01721070116551278,0.00037671006533988394,0.0,0.14923892981033984,0.46158336937048244,0.4521896358018912,0.5,0.5,0.5,0.3274336283185841,0.13274336283185842,0.3185840707964602,0.8672566371681416,GLENDEER BUSINESS PARK,SOUTH,50.989663750000005,-114.03170568074684,,,,
GDL,0.34921916476275355,0.022547031091434213,0.0,0.28371153868800475,0.0,0.745008952813407,0.569377990430622,0.6411483253588517,0.645933014354067,0.7079646017699115,0.327433628318584,0.6349557522123893,0.6946902654867257,GLENDALE,WEST,51.0333915,-114.15273317529693,2762.0,0.14337436640115858,0.05865314989138305,0.18102824040550325
GLA,0.17467912516720752,0.0002039970082134103,0.0,0.156565562314632,0.13026749860999567,0.6836106169834285,0.6555023923444976,0.7416267942583733,0.3684210526315789,0.6914159292035399,0.31849557522123895,0.6245132743362831,0.6864601769911505,GLAMORGAN,WEST,51.0153259,-114.15324172458912,6494.0,0.1556821681552202,0.06806282722513089,0.15475823837388358
GLR,0.023176645454731064,8.169792089534329e-09,0.0,0.03136844572230077,0.0,0.3484042692631776,0.5,0.5,0.5,0.4983008849557522,0.5041769911504425,0.49362831858407075,0.4946902654867257,GLACIER RIDGE,NORTH,51.1904267,-114.16820607322148,,,,
GPE,1.7524786172403811e-09,1.543457815956032e-08,0.0,1.3792112491540217e-10,0.11020160210868805,0.3139219174234622,0.5,0.5,0.5,0.7345132743362832,0.2168141592920354,0.3495575221238938,0.6371681415929203,GREAT PLAINS EAST,EAST,50.98645395,-113.91656924926505,,,,
GPI,1.3446290384874654e-07,7.870161132566061e-08,0.0,1.1855439112369002e-07,0.0,0.41186137497929465,0.5,0.5,0.5,0.7345132743362832,0.2168141592920354,0.34955752212389374,0.6371681415929203,GREAT PLAINS,EAST,50.986455750000005,-113.93992492171827,,,,
GPK,0.035424070192510156,0.040030297603194404,0.0,0.020373395680626544,0.015709612527071634,0.34410283196125246,0.5,0.5,0.5,0.36476657948479096,0.1374368528537136,0.1685357027695174,0.9744186879724839,GLENMORE PARK,SOUTH,50.99039115,-114.1315373258802,,,,
GRE,0.11056977898619227,4.1138685841146385e-05,0.0,0.030793158262623025,0.0357800959901837,0.507265560179371,0.9425837320574163,0.8038277511961722,0.09090909090909091,0.831858407079646,0.04424778761061947,0.3185840707964602,0.7699115044247787,GREENWOOD/GREENBRIAR,NORTHWEST,51.08992945,-114.22305159941168,892.0,0.2645739910313901,0.0773542600896861,0.08856502242152467
GRI,0.05229514607094921,0.0010600835873567833,0.0,0.1383239457554935,0.03803265678535957,0.5305250876826573,1.0,1.0,0.009569377990430622,0.8618107556160653,0.5301225323349217,0.5565861130020422,0.6771613342409802,GREENVIEW INDUSTRIAL PARK,CENTRE,51.08624585,-114.04900441517675,203.0,0.8768472906403941,0.4876847290640394,0.0
GRV,0.25360017002063223,0.012273874745476516,0.0,0.34450652708714863,0.0,0.6398608900539899,0.35406698564593303,0.4258373205741626,0.44019138755980863,0.8495575221238938,0.9203539823008849,0.7831858407079646,0.5221238938053098,GREENVIEW,CENTRE,51.0971299,-114.05598721146336,1896.0,0.10284810126582279,0.04113924050632911,0.16033755274261605
GTI,0.021914579631982515,6.47993796315089e-05,0.0,0.02562236177960604,0.0,0.44790733211176054,0.5,0.5,0.5,0.672566371681416,0.6194690265486725,0.3495575221238938,0.45132743362831856,GOLDEN TRIANGLE,EAST,51.0132045,-113.98547589087657,,,,
HAM,0.10722934629402454,8.138913722667668e-05,0.0,0.01298069847979894,0.009213477124659756,0.563769496110084,0.7990430622009569,0.6889952153110048,0.14832535885167464,0.1354088922059921,0.8313253012048193,0.290489391193091,0.7851583324448237,HAMPTONS,NORTHWEST,51.14511795,-114.1467266531844,7333.0,0.19050865948452203,0.062457384426564844,0.11891449611345971
HAR,0.14949466307947593,7.020315150316856e-05,0.0,0.16149405480026627,0.0,0.6855525505526477,0.430622009569378,0.41148325358851673,0.4832535885167464,0.5132743362831859,0.8495575221238938,0.29646017699115046,0.4247787610619469,HARVEST HILLS,NORTH,51.1476256,-114.05281103455184,7387.0,0.12088804656829566,0.04088263165019629,0.16420739136320564
HAW,0.17237105700900138,0.02886324881090178,0.0,0.2270904143408614,0.0,0.6496932344817901,0.7703349282296651,0.6172248803827751,0.3014354066985646,0.14845132743362832,0.5261061946902654,0.4726769911504425,0.727212389380531,HAWKWOOD,NORTHWEST,51.13102715,-114.17560988657593,9228.0,0.1788036410923277,0.05645860424794105,0.14943649761595146
HAY,0.30241822294743254,0.10869937975415891,0.0,0.2492243781852834,0.036557113733242726,0.6428401630231252,0.5406698564593302,0.69377990430622,0.2679425837320574,0.6415929203539823,0.2809734513274337,0.6305309734513274,0.8672566371681416,HAYSBORO,SOUTH,50.970816,-114.08337092369993,7057.0,0.14141986679892304,0.06291625336545274,0.14510415190590903
HID,0.1547812597672648,3.3751138376425602e-06,0.0,0.09768026354899312,0.05367875815484198,0.6170261502368328,0.28708133971291866,0.19138755980861244,0.6746411483253588,0.2916487670762093,0.7285849299768021,0.18442306040037804,0.2320646103617149,HIDDEN VALLEY,NORTH,51.151946800000005,-114.11962233581588,11524.0,0.0887712599791739,0.02273516140229087,0.18561263450190907
HIF,0.07138175374114919,0.00031651276460646107,0.0,0.018769621204863068,0.0,0.5568797113537775,0.5,0.5,0.5,0.8380262805041566,0.2040761598283722,0.22097076964333603,0.4542772861356932,HIGHFIELD,CENTRE,51.017938900000004,-114.03979548916217,,,,
HIL,0.20433948450988104,0.04049747913002833,0.0,0.23153519597164873,0.06107393424259626,0.7666103449433221,0.23923444976076555,0.1722488038277512,0.22009569377990432,0.7553848722658207,0.1178827851060277,0.5252128902988813,0.6451828351978628,HILLHURST,CENTRE,51.0573735,-114.09423424600374,6533.0,0.07867748354507884,0.020817388642277668,0.13378233583346089
HIW,0.35499894262829357,0.002716129289599522,0.0,0.21970052606044135,0.039890550029859355,0.7226987953687233,0.45454545454545453,0.6507177033492823,0.5598086124401914,0.6143067846607669,0.3768436578171091,0.26806784660766964,0.8871681415929203,HIGHWOOD,CENTRE,51.09230585,-114.0799417451334,2243.0,0.12661613909942043,0.05974141774409273,0.17119928666963888
HKS,0.0007763816604962951,2.812774164206201e-06,0.0,0.0001570799778976366,0.013209045210033655,0.32252884145263133,0.5,0.5,0.5,0.5152409046214356,0.49754178957718775,0.4503441494591937,0.4464110127826942,HOTCHKISS,SOUTHEAST,50.914318449999996,-113.89631088912776,,,,
HOR,0.20528004944866865,0.0695222033974742,0.0,0.20687357364247752,0.027169620241993132,0.5537762314925033,0.5,0.5,0.5,0.6902654867256637,0.5663716814159292,0.6769911504424779,0.08849557522123894,HORIZON,NORTHEAST,51.08967895,-113.99171230703,,,,
HOU,0.2583409378266551,0.35230504659793815,0.0,0.1654766488193091,0.09479296924096178,0.7286698262141281,0.9377990430622009,0.9282296650717703,0.19617224880382775,0.759231003967043,0.11595971925541654,0.5021361000915472,0.6307598413182789,HOUNSFIELD HEIGHTS/BRIAR HILL,CENTRE,51.0631789,-114.10574569557326,2791.0,0.26334647079899676,0.11035471157291293,0.13006091006807596
HPK,0.2640234734524238,0.0018928796676139842,0.0,0.30882050719975956,0.0,0.731321648513976,0.3588516746411483,0.46411483253588515,0.40669856459330145,0.8987217305801377,0.8466076696165191,0.8249754178957719,0.487708947885939,HIGHLAND PARK,CENTRE,51.0892468,-114.06575503131094,3832.0,0.10464509394572025,0.04488517745302714,0.15762004175365343
HSD,0.036488520108665615,1.8418279218886712e-06,0.0,0.010305445331640763,0.015710480975817356,0.43455961520456887,0.5,0.5,0.5,0.584070796460177,0.8495575221238938,0.635693215339233,0.2064896755162242,HOMESTEAD,NORTHEAST,51.1225031,-113.91651359864562,,,,
HSN,0.0002250181203936421,6.723916298092264e-07,0.0,5.9522786698897903e-05,0.0,0.32942436075481907,0.5,0.5,0.5,0.4776610127826941,0.4937008357915438,0.4898598820058997,0.4914884464110128,HASKAYNE,NORTHWEST,51.119903300000004,-114.28554092598239,,,,
HUN,0.2497273283804623,0.1242902761320622,0.0,0.18570278826533332,0.007828905648143309,0.664504507964858,0.6985645933014354,0.7751196172248804,0.569377990430622,0.5718932002117844,0.8392708569699721,0.5752590575599426,0.7597761137584146,HUNTINGTON HILLS,NORTH,51.11758505,-114.06672144000967,13372.0,0.1657194137002692,0.07523182769967095,0.17207597965898894
HUX,0.013808974395800283,0.00017771508596613767,0.0,0.00790021551176745,0.06783332415012157,0.3177310936064798,0.5,0.5,0.5,0.5388662999282469,0.573068643865104,0.5046639559913897,0.44247787610619466,HUXLEY,EAST,51.05486535,-113.90456504354574,,,,
ING,0.1852739278840019,0.0003801534767878011,0.0,0.2052022480344678,0.0,0.5165168679586806,0.3492822966507177,0.33014354066985646,0.15311004784688995,0.9292035398230089,0.2168141592920354,0.20353982300884957,0.3805309734513274,INGLEWOOD,CENTRE,51.034154650000005,-114.01914150485706,3994.0,0.10115172759138708,0.03229844767150726,0.11942914371557337
KCA,0.03711951739317752,4.5208300998138144e-07,0.0,0.09066286566868223,0.026680496261348993,0.6431197716226715,0.15789473684210525,0.1339712918660287,0.9186602870813397,0.4030430057444496,0.7143300729700357,0.1289396056512964,0.16658903896910418,KINCORA,NORTH,51.160348600000006,-114.1328609261742,6878.0,0.06891538237859843,0.016719976737423668,0.24818261122419308
KEL,0.4464013030247893,0.2839467314475812,0.0,0.28702872185563283,0.10312630849172517,0.5427329421922624,0.9330143540669857,0.9521531100478469,0.32057416267942584,0.415929203539823,0.02654867256637168,0.3495575221238938,0.9734513274336282,KELVIN GROVE,SOUTH,50.98979679999999,-114.08903836155017,2302.0,0.25065160729800173,0.12814943527367506,0.15117289313640314
KIL,0.23293514569268442,0.035706074664433034,0.0,0.26744512624348066,0.0,0.6969754337461976,0.2535885167464115,0.32057416267942584,0.45933014354066987,0.911504424778761,0.2920353982300885,0.7831858407079646,0.2743362831858407,KILLARNEY/GLENGARRY,CENTRE,51.0308402,-114.13174691555402,7660.0,0.0849869451697128,0.03159268929503917,0.16201044386422978
KIN,0.18018507085545174,0.06456183678528063,0.0,0.34008530957420935,0.0,0.7083690425605977,0.36363636363636365,0.430622009569378,0.430622009569378,0.8534150215566145,0.5250737463126844,0.8963013387792148,0.7637848876786929,KINGSLAND,SOUTH,50.98670705,-114.07736532084922,4681.0,0.10467848750267036,0.04165776543473617,0.16000854518265328
KSH,0.00039659889234933295,2.8000468130744464e-09,0.0,2.7130710254751923e-05,0.04715343962888289,0.32096394617460056,0.5,0.5,0.5,0.2831858407079646,0.7522123893805309,0.17699115044247787,0.04424778761061947,KEYSTONE HILLS,NORTH,51.179575850000006,-114.02640692271979,,,,
LEB,0.0006091552607807684,2.0095816770179982e-09,0.0,0.00010429528444701744,0.0,0.32800597492573896,0.5,0.5,0.5,0.43429873960847415,0.576427996781979,0.4021185304371145,0.36189326897291496,LEWISBURG,NORTH,51.1871385,-114.0404095467149,,,,
LEG,0.028352428713364946,2.7090597410550865e-05,0.0,0.08762153644115882,0.006214076006804699,0.4258012565749003,0.07177033492822966,0.06698564593301436,0.8564593301435407,0.5659262338896478,0.07367702084694423,0.38572786125794384,0.2934311338124369,LEGACY,SOUTH,50.857616300000004,-114.00600980042486,6408.0,0.05087390761548065,0.011548064918851436,0.22596754057428214
LIV,0.0028877234742644064,4.011714031387191e-09,0.0,0.0007996485378648457,0.0,0.39339163197516713,0.07655502392344497,0.0861244019138756,0.7416267942583732,0.42976442727159414,0.5817026050105945,0.395363330425028,0.3523619593668204,LIVINGSTON,NORTH,51.19070105,-114.06552531688081,1406.0,0.051209103840682786,0.012802275960170697,0.19914651493598862
LKB,0.2281418111352852,0.0001463307288079004,0.0,0.20581393791509148,0.048659418051522824,0.6358736397485111,0.9090909090909091,0.9090909090909091,0.5311004784688995,0.07733151803948264,0.057317903335602445,0.2613682777399592,0.9744043567052416,LAKE BONAVISTA,SOUTH,50.93958935,-114.05130646708133,10268.0,0.23665757693806,0.10712894429294897,0.16799766264121543
LKV,0.23644184987452932,0.0035750266714880672,0.0,0.2045865013605029,0.030938627999541078,0.6556936883919376,0.8277511961722487,0.8947368421052632,0.6698564593301436,0.4336283185840708,0.061946902654867256,0.10176991150442478,0.911504424778761,LAKEVIEW,WEST,50.9995234,-114.12963401293186,5344.0,0.19854041916167664,0.09824101796407185,0.18544161676646706
LMR,0.1906147896348733,0.07016870020365396,0.0,0.08291427335795994,0.022047013035151664,0.8836797428455513,0.22966507177033493,0.2583732057416268,0.04784688995215311,0.9469026548672567,0.08849557522123892,0.415929203539823,0.39823008849557523,LOWER MOUNT ROYAL,CENTRE,51.0362545,-114.08651069073079,3449.0,0.07828356045230501,0.025804581037982024,0.040011597564511454
LPK,0.1976928630228402,0.0007703881177602555,0.0,0.26057750049423206,0.04682603156687298,0.6669907666303135,0.645933014354067,0.9043062200956937,0.06698564593301436,0.8761061946902655,0.26548672566371684,0.4911504424778761,0.6548672566371682,LINCOLN PARK,WEST,51.01033615,-114.13005982113849,2615.0,0.15487571701720843,0.10478011472275335,0.06845124282982791
MAC,0.08897160463744974,1.667037491243286e-05,0.0,0.15992904460946775,0.024152612178497148,0.5796780888181506,0.6172248803827751,0.4688995215311005,0.46411483253588515,0.13323500491642087,0.6629793510324484,0.28404621435594885,0.32497541789577183,MACEWAN GLEN,NORTH,51.13762825,-114.11465195473198,4744.0,0.14692242833052277,0.04489881956155144,0.16209949409780774
MAF,0.2862524061494379,0.23057007595182524,0.0,0.23072645526564495,0.0,0.5150661806010673,0.7081339712918661,0.8181818181818182,0.6028708133971292,0.415929203539823,0.02654867256637168,0.3495575221238938,0.9734513274336283,MAYFAIR,CENTRE,50.9962965,-114.08896719196494,432.0,0.16666666666666666,0.0787037037037037,0.17592592592592593
MAH,0.08030251578267532,0.006073239427631774,0.0,0.13251374783598943,0.027392111193927468,0.5046316617564628,0.08133971291866028,0.11483253588516748,0.9952153110047848,0.549247212964027,0.36357889897712903,0.031117112975520052,0.02649120790713711,MAHOGANY,SOUTHEAST,50.89610885,-113.9246724626625,11753.0,0.051816557474687316,0.015315238662469156,0.2960095294818344
MAL,0.31533935325921525,0.0014094560572857503,0.0,0.30737627411494856,0.11067814726702419,0.6370746502783111,0.5167464114832536,0.7368421052631577,0.5167464114832536,0.8407079646017699,0.4247787610619469,0.45132743362831856,0.7522123893805309,MAYLAND HEIGHTS,NORTHEAST,51.061435450000005,-114.01354032866752,5952.0,0.13928091397849462,0.06754032258064516,0.16683467741935484
MAN,0.10964005246788588,0.0020741157110647974,0.0,0.3593405140476762,0.0,0.7762693880098618,0.22488038277511965,0.2966507177033493,0.1722488038277512,0.8053097345132744,0.3451327433628319,0.6769911504424778,0.5309734513274337,MANCHESTER,CENTRE,51.008630249999996,-114.06593286698482,1025.0,0.07804878048780488,0.02926829268292683,0.12195121951219512
MCI,0.013985716930314834,0.0008850319783542909,0.0,0.008900582099287267,0.07119596914452171,0.4639048984494882,0.5,0.5,0.5,0.84070796460177,0.4247787610619469,0.45132743362831856,0.7522123893805309,MCCALL,NORTHEAST,51.0886665,-114.02705544099744,,,,
MCK,0.1607951864158959,0.00010213744540475838,0.0,0.11179416381507976,0.01094310248965219,0.5469957869113379,0.3397129186602871,0.2535885167464115,0.6411483253588517,0.023150442477876104,0.3225486725663717,0.041557522123893804,0.3411681415929204,MCKENZIE LAKE,SOUTHEAST,50.91437135,-113.9847320740005,13363.0,0.09952854897852279,0.02566788894709272,0.1809473920526828
MCT,0.15998312076355128,0.0003694976902982019,0.0,0.1792721010461248,0.07502685348856211,0.5886037839274443,0.2631578947368421,0.3062200956937799,0.8325358851674641,0.2058235797887525,0.19212103910933484,0.062232372252355124,0.26405937767627746,MCKENZIE TOWNE,SOUTHEAST,50.916041050000004,-113.96634371917257,18195.0,0.08623248145094806,0.029458642484198955,0.22412750755702116
MDH,0.06384184706687145,0.00020888776235002913,0.0,0.033287755555970445,0.021988696761769237,0.5403112681558294,0.5,0.5,0.5,0.1946902654867257,0.46017699115044247,0.23008849557522124,0.061946902654867256,MEDICINE HILL,WEST,51.0791646,-114.2001622939606,,,,
MEA,0.0851048506332935,0.031766195467028344,0.0,0.09016129759788505,0.1398929615383365,0.7374481987198124,0.69377990430622,0.631578947368421,0.37799043062200954,0.8053097345132744,0.34513274336283184,0.6769911504424779,0.5309734513274337,MEADOWLARK PARK,CENTRE,50.99835405,-114.07736605254327,638.0,0.164576802507837,0.05799373040752351,0.15517241379310345
MER,0.15699456986488874,0.005374128255349119,0.0,0.10333593089637316,0.0,0.5671690050423315,0.5,0.5,0.5,0.8938053097345132,0.6991150442477876,0.8982300884955752,0.7079646017699115,MERIDIAN,NORTHEAST,51.0559945,-113.99749868332572,,,,
MID,0.25363825202879775,0.051192441560828035,0.0,0.23374391950463147,0.06590081463436624,0.6676372796352199,0.9186602870813397,0.8803827751196173,0.3923444976076555,0.6460176991150443,0.09734513274336283,0.46017699115044247,0.8849557522123893,MIDNAPORE,SOUTH,50.916013500000005,-114.05760182880437,7255.0,0.2377670572019297,0.09593383873190903,0.15699517574086835
MIS,0.36171390556433364,0.1336044762726312,0.0,0.3910206479885896,0.007892135664422066,0.8495985862746934,0.5598086124401914,0.6985645933014354,0.023923444976076555,0.9306784660766962,0.15339233038348082,0.3230088495575221,0.4572271386430679,MISSION,CENTRE,51.0331633,-114.06809518104947,4475.0,0.1423463687150838,0.06324022346368716,0.028156424581005587
MLI,0.24773950214137253,0.0006217117002443321,0.0,0.033967783603416624,0.09513608092515499,0.6607244247397399,0.5,0.5,0.5,0.8407079646017699,0.4247787610619469,0.45132743362831856,0.7522123893805309,MAYLAND,NORTHEAST,51.05237625,-114.01030529446118,,,,
MLR,0.16882897286053336,0.004358315004295385,0.0,0.26480640962428914,0.018904058812627418,0.6607693404719966,0.5980861244019139,0.6124401913875598,0.6172248803827751,0.37085820127598274,0.4941345955958016,0.8603622144474171,0.6480757357480964,MILLRISE,SOUTH,50.916805350000004,-114.0848432361415,6887.0,0.14563670683897198,0.056338028169014086,0.17787135182227384
MNI,0.08100984443919386,0.002377150048964441,0.0,0.1142856936686304,0.007704250055734473,0.5830464905174976,0.5,0.5,0.5,0.8430165448249327,0.30607926125432855,0.5328972681800693,0.48518661023470566,MANCHESTER INDUSTRIAL,CENTRE,51.0140399,-114.05593745512996,,,,
MON,0.17894649041567123,0.09145828566016391,0.0,0.1288958248531747,0.029603591359321266,0.6472348094747683,0.3827751196172249,0.5167464114832536,0.2966507177033493,0.5023008849557522,0.4723303834808259,0.528377581120944,0.9614159292035398,MONTGOMERY,NORTHWEST,51.07108395,-114.1622636277724,4507.0,0.11226980252939871,0.049034834701575325,0.14932327490570224
MOP,0.2503631896543859,0.0036098486283103978,0.0,0.21757765780758803,0.0,0.6873729571721333,0.24880382775119617,0.2822966507177033,0.6555023923444976,0.8279252704031466,0.37069813176007865,0.6420845624385447,0.3972468043264504,MOUNT PLEASANT,CENTRE,51.07470925,-114.07604576475788,5861.0,0.0849684354205767,0.029005289199795257,0.18222146391400784
MOR,0.11044090294481756,0.009356914009248209,0.0,0.09084485689444385,0.03461838611799308,0.5569517577135036,0.6267942583732058,0.569377990430622,0.5263157894736842,0.5752212389380531,0.9734513274336283,0.29646017699115046,0.672566371681416,MONTEREY PARK,NORTHEAST,51.08189555,-113.9278535692977,10351.0,0.14935754999516954,0.051492609409718865,0.16790648246546228
MPK,0.25235367221017785,0.02269668140534013,0.0,0.10090516191916662,0.0021801644888271555,0.629857321260846,0.44019138755980863,0.42105263157894735,0.7368421052631579,0.4959320582357979,0.8067370825007137,0.42820439623180134,0.5402512132457893,MARLBOROUGH PARK,NORTHEAST,51.05984065,-113.94673127265669,8500.0,0.12411764705882353,0.041058823529411766,0.1968235294117647
MPL,0.12311567220273473,0.0005477022094548537,0.0,0.0875340243566799,0.10946822272268619,0.3988466847106019,0.8899521531100478,0.937799043062201,0.22966507177033493,0.3274336283185841,0.13274336283185842,0.3185840707964602,0.8672566371681416,MAPLE RIDGE,SOUTH,50.95902205,-114.03377659265604,1912.0,0.22751046025104602,0.11610878661087866,0.1344142259414226
MRL,0.2748268439199139,0.028804721057346057,0.0,0.16662484671918565,0.0,0.6603431326654807,0.5741626794258373,0.5933014354066986,0.6889952153110048,0.6283185840707964,0.8584070796460177,0.8053097345132744,0.7433628318584071,MARLBOROUGH,NORTHEAST,51.05978295,-113.97001169676236,9141.0,0.14341975713816868,0.05524559676184225,0.18772563176895307
MRN,0.012499100245856131,1.7733535629858145e-10,0.0,0.012652992790712927,0.0,0.3371606123022189,0.5,0.5,0.5,0.49791403286978514,0.5104298356510746,0.48122629582806575,0.4831226295828066,MORAINE,NORTH,51.19022715,-114.10625337595033,,,,
MRT,0.27950294623601146,1.9627232413572522e-05,0.0,0.12256308482471545,0.004855654837121446,0.7105019391556233,0.16267942583732056,0.10047846889952153,0.7942583732057417,0.7076964333601501,0.9934298739608475,0.7249262536873157,0.18436578171091447,MARTINDALE,NORTHEAST,51.1181273,-113.95838329450163,14200.0,0.06943661971830986,0.013591549295774647,0.20859154929577464
NAW,0.21688392882575272,0.009479374820673422,0.0,0.12426703541306591,0.0,0.6148685248839729,0.5,0.5,0.5,0.8407079646017699,0.42477876106194695,0.45132743362831856,0.7522123893805309,NORTH AIRWAYS,NORTHEAST,51.087181,-114.00755012732851,,,,
NEB,0.2407432714503944,2.543432294236911e-05,0.0,0.21107073863744588,0.0,0.6196162792690983,0.02870813397129187,0.04784688995215311,0.9712918660287081,0.1985541567992023,0.20266733142216128,0.044497070921101826,0.009098840832606257,NEW BRIGHTON,SOUTHEAST,50.9220291,-113.94524762294104,13083.0,0.033554995031720554,0.007184896430482306,0.2824275777726821
NGM,0.37375438190487353,0.020131873578297283,0.0,0.24079923907238462,0.19108698338172608,0.6594290428932551,0.7129186602870813,0.8277511961722487,0.5885167464114832,0.4336283185840708,0.061946902654867256,0.10176991150442478,0.911504424778761,NORTH GLENMORE PARK,WEST,51.001390549999996,-114.11295167638251,2376.0,0.16792929292929293,0.08038720538720538,0.17382154882154882
NHU,0.0796019105892407,0.010546202246568182,0.0,0.093484810764985,0.0,0.5215530693131105,0.8229665071770335,0.8708133971291866,0.2535885167464115,0.5929203539823009,0.3274336283185841,0.22123893805309736,0.9203539823008849,NORTH HAVEN UPPER,NORTH,51.10440955,-114.08536760136911,595.0,0.19831932773109243,0.08907563025210084,0.13949579831932774
NHV,0.23655939605577833,0.0026945272945049963,0.0,0.3154608597273479,0.013059325653167734,0.6562928686859641,0.8421052631578947,0.9186602870813397,0.6220095693779905,0.5929203539823009,0.3274336283185841,0.22123893805309738,0.9203539823008849,NORTH HAVEN,NORTH,51.0958594,-114.08946731984464,2354.0,0.205607476635514,0.10747663551401869,0.17799490229396772
NOL,0.0019742569125967085,2.805599591364028e-07,0.0,0.15458741055575448,0.0,0.6639327914833193,0.03827751196172249,0.03349282296650718,0.9521531100478469,0.6991150442477876,0.39823008849557523,0.21238938053097345,0.035398230088495575,NOLAN HILL,NORTH,51.175491449999996,-114.16651992564817,7478.0,0.034768654720513506,0.006418828563787109,0.2679860925381118
NPK,0.020669808462253348,0.0015023259021961152,0.0,0.023554233184913724,0.009918409574019144,0.32937761504896806,0.5,0.5,0.5,0.1330238065561511,0.6617537080892435,0.28164340022435497,0.3156861523121027,NOSE HILL PARK,NORTHWEST,51.11140545,-114.11063457451766,,,,
OAK,0.14501662238215868,0.00019883851691112917,0.0,0.15292764749803175,0.0,0.6324258663014793,0.8708133971291866,0.861244019138756,0.6124401913875598,0.336283185840708,0.168141592920354,0.168141592920354,1.0,OAKRIDGE,SOUTH,50.970842649999994,-114.12962556236718,5684.0,0.21956368754398312,0.0870865587614356,0.1776917663617171
OGD,0.1886295871915467,2.307025378374295e-05,0.0,0.15059680048718957,0.0,0.6108271789195033,0.5550239234449761,0.5311004784688995,0.35406698564593303,0.7345132743362833,0.2168141592920354,0.3495575221238938,0.6371681415929203,OGDEN,SOUTHEAST,50.99187365,-114.01244809371917,8556.0,0.14212248714352502,0.05025712949976625,0.15392706872370265
OPH,0.11141994682936603,2.169116981295546e-06,0.0,0.10403739545261907,0.0,0.3139219174234622,0.5,0.5,0.5,0.035398230088495575,0.5575221238938053,0.10176991150442478,0.5929203539823009,OSPREY HILL,WEST,51.08274555,-114.23805389193522,,,,
OSH,0.023311371340131257,1.1973212345473335e-06,0.0,0.01404278989764613,0.0,0.38931156652984394,0.5,0.5,0.5,0.7345132743362831,0.2168141592920354,0.3495575221238938,0.6371681415929203,OGDEN SHOPS,EAST,50.9910683,-113.99316562925618,,,,
PAL,0.2760374676264565,0.0007740888988036846,0.0,0.2329155853789088,0.0,0.7035599623942828,0.9473684210526315,0.9665071770334929,0.42105263157894735,0.336283185840708,0.168141592920354,0.168141592920354,1.0,PALLISER,SOUTH,50.9670555,-114.11217072559795,3663.0,0.27545727545727544,0.15397215397215397,0.1597051597051597
PAN,0.1677510871993967,4.27008892814536e-06,0.0,0.16011505123095157,0.03882688562093114,0.6068521995654229,0.215311004784689,0.2057416267942584,0.861244019138756,0.6291329605298875,0.8341386611651012,0.3774363429067811,0.2048971171073348,PANORAMA HILLS,NORTH,51.158377849999994,-114.082470429609,25480.0,0.07774725274725275,0.022998430141287284,0.22986656200941916
PAT,0.014776756675966814,0.002628613837371244,0.0,0.021324083935649,0.011337518265476326,0.484364043342269,0.8516746411483254,0.8133971291866029,0.3157894736842105,0.24128589488892904,0.35145385587863465,0.5096622719884414,0.7919450966227198,PATTERSON,WEST,51.06366855,-114.17679382688087,4194.0,0.2100619933237959,0.07796852646638054,0.15092989985693847
PCK,8.230095464995565e-05,4.470805621590957e-06,0.0,5.176933734792759e-05,0.0,0.3449068439284711,0.5,0.5,0.5,0.9026548672566371,0.6106194690265486,0.9823008849557522,0.22123893805309736,PINE CREEK,SOUTH,50.85631645,-114.06788340263196,,,,
PEG,0.2685339547408131,0.0031816116062197215,0.0,0.240856011824707,0.0,0.5775041127770273,0.5,0.5,0.5,0.8407079646017699,0.42477876106194695,0.45132743362831856,0.7522123893805309,PEGASUS,NORTHEAST,51.094443,-114.00660139902394,,,,
PEN,0.3221015677702851,0.04648088520369372,0.0,0.14242974152774474,0.005300792090481711,0.6880416664371957,0.41148325358851673,0.41626794258373206,0.7511961722488039,0.7889987853548499,0.894499392677425,0.6417664410897103,0.5653305570015617,PENBROOKE MEADOWS,EAST,51.0463903,-113.94712640019222,8528.0,0.11526735459662289,0.04104127579737336,0.20121951219512196
PIN,0.26273319229315184,0.2312939813256725,0.0,0.19652775703602338,0.0,0.676841470836064,0.5645933014354066,0.507177033492823,0.7655502392344498,0.8849557522123894,0.831858407079646,0.7610619469026548,0.5752212389380531,PINERIDGE,NORTHEAST,51.075059100000004,-113.94677425309364,9997.0,0.14324297289186755,0.048814644393317994,0.20526157847354207
PKD,0.33709330558775286,0.1739685791717778,0.0,0.2718730407339681,0.03295617090637786,0.6921132420617487,0.7655502392344498,0.8229665071770336,0.2583732057416268,0.7144315861130021,0.22736555479918313,0.4605173587474472,0.6729067392784207,PARKDALE,CENTRE,51.0598401,-114.1353475833607,2557.0,0.17872506843957764,0.07938991005084083,0.14235432147047322
PKH,0.037873715427608194,0.0024036726130365056,0.0,0.2456133722042352,0.0,0.6270548559747838,0.38755980861244027,0.33971291866028713,0.1674641148325359,0.8053097345132744,0.3451327433628319,0.6769911504424778,0.5309734513274337,PARKHILL,CENTRE,51.01832455,-114.0661863958733,1687.0,0.11262596324836989,0.033787788974510964,0.12092471843509188
PKL,0.19642505849801514,0.0007631052317449293,0.0,0.24083129545970183,0.0,0.5541272177230596,0.9282296650717704,0.8516746411483253,0.4449760765550239,0.05309734513274336,0.008849557522123894,0.13716814159292035,0.9380530973451328,PARKLAND,SOUTH,50.92067715,-114.02802505659311,3649.0,0.2502055357632228,0.08440668676349684,0.16086599068237872
POI,0.10467715490907878,0.06339108194805182,0.0,0.04306456555118409,0.026776888861432015,0.5337032464188747,0.9521531100478469,0.9138755980861244,0.07177033492822966,0.46017699115044247,0.48672566371681414,0.504424778761062,0.9823008849557522,POINT MCKAY,CENTRE,51.0595467,-114.14616248473018,1340.0,0.27761194029850744,0.10746268656716418,0.06940298507462686
PUM,0.1701367152393534,0.0033548697675703093,0.0,0.15379286216449148,0.0,0.6065901678993851,0.9952153110047847,0.9952153110047847,0.19138755980861244,0.336283185840708,0.168141592920354,0.168141592920354,1.0,PUMP HILL,SOUTH,50.967835550000004,-114.10078490963483,1638.0,0.4340659340659341,0.22344322344322345,0.1288156288156288
QLD,0.2477403202328246,1.7185659661793044e-05,0.0,0.2609545780745614,0.0,0.66414322776795,0.507177033492823,0.5119617224880383,0.46889952153110054,0.20353982300884957,0.1504424778761062,0.1504424778761062,0.6283185840707964,QUEENSLAND,SOUTH,50.9380786,-114.02263452484351,4724.0,0.1384419983065199,0.04889923793395427,0.1632091447925487
QPK,0.13000238904921718,0.0008170680989441347,0.0,0.06923842244265546,0.0,0.501289004507336,0.019138755980861243,0.011961722488038276,0.8373205741626795,0.8230088495575222,0.3520859671302149,0.6324273072060682,0.3944374209860935,QUEENS PARK VILLAGE,CENTRE,51.08535295,-114.0775747383511,445.0,0.015730337078651686,0.0,0.2247191011235955
RAM,0.3042314652901026,0.005910674977983036,0.0,0.20544827764334586,0.0,0.7577194947174349,0.2679425837320574,0.20095693779904306,0.2727272727272727,0.9292035398230089,0.2168141592920354,0.2035398230088496,0.3805309734513274,RAMSAY,CENTRE,51.0364145,-114.04254733469267,2144.0,0.08628731343283583,0.0228544776119403,0.1455223880597015
RAN,0.22356948698590628,0.1614396951946273,0.0,0.2757783166292795,0.03085037375671835,0.6556630933433198,0.37320574162679426,0.3253588516746411,0.7081339712918661,0.44395280235988205,0.5132743362831859,0.7133480825958701,0.7628318584070797,RANCHLANDS,NORTHWEST,51.11902775,-114.18358052082672,7598.0,0.11055540931824165,0.03211371413529876,0.19018162674387998
RCK,0.3108732549756462,0.18239925041688188,0.0,0.2849114858675492,0.0,0.7356973781155485,0.24401913875598086,0.3157894736842105,0.4880382775119617,0.7699115044247788,0.17699115044247787,0.9911504424778761,0.23893805309734512,ROSSCARROCK,WEST,51.043397799999994,-114.1455155724729,3619.0,0.08123791102514506,0.031500414479137887,0.1644100580270793
RDL,0.28754453804672025,0.008703251439691008,0.0,0.20482516151921892,0.11253019804716587,0.7665979678622641,0.6889952153110048,0.4545454545454546,0.5550239234449761,0.7433628318584071,0.12389380530973453,0.5973451327433629,0.6902654867256637,ROSEDALE,CENTRE,51.06266135,-114.078237526024,1549.0,0.16397675919948354,0.04325371207230471,0.171078114912847
RED,0.09400107712902014,0.008486851073398641,0.0,0.01250533927181901,0.0,0.5461262990356708,0.8181818181818181,0.7607655502392344,0.13875598086124402,0.7876106194690266,0.8938053097345133,0.6371681415929203,0.5663716814159292,RED CARPET,EAST,51.0415981,-113.93972574557952,1589.0,0.19823788546255505,0.0723725613593455,0.11516677155443675
REN,0.25242218684251233,0.00045827158671009685,0.0,0.17726922130161565,0.04795215250122403,0.6546818384437703,0.1722488038277512,0.23444976076555024,0.3397129186602871,0.8243296790384361,0.5803724739136178,0.41038171971998416,0.43283582089552236,RENFREW,CENTRE,51.05967565,-114.03919294212645,6573.0,0.07196105279172371,0.0243420051726761,0.15305035752320098
RIC,0.2829484125000681,0.00592967342559685,0.0,0.2544410424233117,0.09409456327004224,0.7034430805615824,0.32057416267942584,0.3014354066985646,0.5023923444976076,0.905348210850327,0.287418237783763,0.732397075798384,0.34051558291650635,RICHMOND,CENTRE,51.029791349999996,-114.1158752161098,4934.0,0.09586542359140657,0.029387920551276855,0.1651803810295906
RID,0.3670403583089245,0.013634313100838631,0.0,0.2873743921983204,0.0,0.6327031905044264,0.9617224880382776,0.7703349282296651,0.18660287081339713,0.3028515240904622,0.10422812192723696,0.15732546705998035,0.49655850540806296,RIDEAU PARK,CENTRE,51.02486675,-114.07417344268141,593.0,0.2934232715008432,0.07419898819561552,0.12647554806070826
RIV,0.14054028166956148,0.00027170306720305745,0.0,0.09393394176154889,0.014496624621307101,0.5113324282994726,0.44976076555023925,0.35406698564593303,0.23444976076555024,0.23893805309734517,0.3893805309734513,0.13716814159292035,0.3539823008849558,RIVERBEND,SOUTHEAST,50.9760347,-114.01843923204436,9233.0,0.12552799740062817,0.035199826708545434,0.13625040615184664
RMT,0.39826431727761286,0.013300512584097847,0.0,0.4305960294083106,0.0,0.7707299566207908,0.5454545454545454,0.755980861244019,0.3349282296650718,0.8141592920353983,0.3185840707964602,0.6150442477876106,0.3893805309734513,ROSEMONT,CENTRE,51.078483399999996,-114.09009606736345,1251.0,0.14148681055155876,0.06954436450839328,0.15267785771382894
ROC,0.09273148832921115,8.253696841933909e-05,0.0,0.06093788832254866,0.01749181441897819,0.6031236151421527,0.5358851674641149,0.6698564593301436,0.7033492822966507,0.367787610619469,0.679646017699115,0.7132743362831858,0.40755162241887904,ROCKY RIDGE,NORTHWEST,51.14407555,-114.24592223608292,8384.0,0.14086354961832062,0.06094942748091603,0.19012404580152673
ROX,0.09032299813838428,0.01556656525405182,0.0,0.07159945556766717,0.0,0.5810180850731829,0.6842105263157895,0.6842105263157895,0.7751196172248805,0.3746312684365782,0.13864306784660765,0.23156342182890857,0.5014749262536874,ROXBORO,CENTRE,51.02616925,-114.0676520500202,422.0,0.16350710900473933,0.061611374407582936,0.20616113744075829
ROY,0.20497956531616185,0.0012878755311069505,0.0,0.07853455688923118,0.01582269421260964,0.5463150031626709,0.2727272727272727,0.18660287081339713,0.8421052631578948,0.3222533995251457,0.685193179365422,0.7732570688538744,0.4975178070364774,ROYAL OAK,NORTHWEST,51.142339500000006,-114.21994500612075,11688.0,0.0865845311430527,0.022501711156741957,0.22510266940451745
RRC,0.0004277630459312463,0.0008520009561180506,0.0,0.0016478736103300547,0.006420677509687717,0.31639959190112255,0.5,0.5,0.5,0.5470056976603225,0.3675293975027276,0.04703600436416536,0.04276275912231786,RICARDO RANCH,SOUTHEAST,50.854471399999994,-113.93592598230191,,,,
RSN,0.03980601879913744,4.055676058241625e-11,0.0,0.12826567686596713,0.009097714578510715,0.6467267789055515,0.23444976076555024,0.05263157894736842,0.8851674641148325,0.6902654867256637,0.5663716814159292,0.676991150442478,0.08849557522123895,REDSTONE,NORTHEAST,51.17042235,-113.95753287841501,5824.0,0.0782967032967033,0.008070054945054946,0.23557692307692307
RUN,0.2895072543245725,0.1397669479108651,0.0,0.16386777728969104,0.0,0.6972904939261305,0.4258373205741627,0.36363636363636365,0.7799043062200957,0.584070796460177,0.9380530973451328,0.9646017699115044,0.504424778761062,RUNDLE,NORTHEAST,51.074893700000004,-113.97006809923019,11671.0,0.11901293805158084,0.03701482306571845,0.20692314283266217
RUT,0.31210624238210083,0.0013023270458719838,0.0,0.3497093992386806,0.0,0.7856446576383573,0.9234449760765551,0.9425837320574163,0.37320574162679426,0.6194690265486725,0.23893805309734512,0.5796460176991151,0.6637168141592921,RUTLAND PARK,WEST,51.01919255,-114.13728530646415,2259.0,0.2456839309428951,0.12040725984949092,0.15493581230633025
RVW,0.005972310549728933,0.010463120331994718,0.0,0.006982957814334178,0.0,0.32473061271590714,0.5,0.5,0.5,0.5441448857789669,0.3755916855320025,0.07460382794813747,0.07059065651368594,RANGEVIEW,SOUTHEAST,50.87428665,-113.91969339927542,,,,
RYV,0.2779787772465951,0.0005549681398091242,0.0,0.28951015865461194,0.07866527699448184,0.5104632585447176,0.5,0.5,0.5,0.6049100770767913,0.4847273765343991,0.3372823294319155,0.11104767342278048,ROYAL VISTA,NORTHWEST,51.149361999999996,-114.20433071099845,,,,
S23,1.0503058312672423e-07,2.3535013513571033e-09,0.0,0.0002791829159756271,0.006609825368705952,0.42320428166205715,0.5,0.5,0.5,0.7345132743362832,0.2168141592920354,0.3495575221238938,0.6371681415929203,SECTION 23,SOUTHEAST,50.970880199999996,-113.94826470920728,,,,
SAD,0.24473367079296768,2.934221466624374e-07,0.0,0.12451965869145003,0.0,0.6422092968823143,0.14832535885167464,0.14354066985645933,0.8995215311004785,0.6207515711170963,0.6685904835193023,0.6733358984224702,0.11170963190970887,SADDLE RIDGE,NORTHEAST,51.1306639,-113.9456367022137,22281.0,0.06826444055473273,0.017413940128360488,0.24137157219155334
SAN,0.1719790590120676,0.00015099876911526977,0.0,0.2448479269826307,0.02011078849282346,0.6168398714227756,0.7272727272727273,0.6267942583732058,0.3444976076555024,0.5217305801376597,0.968141592920354,0.6888888888888889,0.6057030481809242,SANDSTONE VALLEY,NORTH,51.137836899999996,-114.09495286517611,5880.0,0.1739795918367347,0.05714285714285714,0.15340136054421769
SAW,0.14129168615218982,0.009754547366342079,0.0,0.11616219954928207,0.019958608760116143,0.6562182848047935,0.5,0.5,0.5,0.8407079646017699,0.4247787610619469,0.4513274336283185,0.7522123893805309,SOUTH AIRWAYS,NORTHEAST,51.07421615,-114.0052080409146,,,,
SCA,0.3750490733171977,0.006829027840471425,0.0,0.3500294488242472,0.08601655649595355,0.6666651062634584,0.44497607655502397,0.4401913875598086,0.8755980861244019,0.9203539823008849,0.3805309734513274,0.8141592920353983,0.13274336283185842,SCARBORO,CENTRE,51.040715750000004,-114.10716368717172,929.0,0.12486544671689989,0.04198062432723358,0.2303552206673843
SCE,0.16319364938964298,0.02055072438769949,0.0,0.1283013113706804,0.05932159997150421,0.5801812134201423,0.8038277511961722,0.7799043062200958,0.23923444976076558,0.15315315315315314,0.26150043849158894,0.6264051662281751,0.822131866379654,SCENIC ACRES,NORTHWEST,51.114671650000005,-114.21824689051184,8041.0,0.19263773162541972,0.07548812336774033,0.13729635617460514
SDC,0.2406148520956136,0.10808607843607962,0.0,0.15373713766345973,0.0211529042970081,0.610336955399172,0.49760765550239233,0.35885167464114837,0.5645933014354066,0.2726940972539002,0.1997080558343217,0.2735151902198705,0.5658242861052823,SUNDANCE,SOUTH,50.901804850000005,-114.04213751702241,9719.0,0.13427307336145694,0.03621771787220907,0.17162259491717255
SET,0.0551280155500936,0.11340750103683721,0.0,0.06025639516371239,0.00418490587685003,0.5079322470140569,0.9712918660287081,0.9808612440191388,0.10047846889952153,0.5486725663716814,0.36283185840707965,0.030973451327433628,0.026548672566371685,SETON,SOUTHEAST,50.87428665,-113.94804613460435,1128.0,0.30230496453900707,0.16400709219858156,0.10017730496453901
SFH,0.0004385012173447677,1.2951355935578821e-07,0.0,0.001661926775052087,0.017488491190248454,0.43419308859754185,0.5,0.5,0.5,0.7345132743362832,0.2168141592920354,0.3495575221238938,0.6371681415929203,SOUTH FOOTHILLS,SOUTHEAST,50.97147495,-113.97378431451273,,,,
SGH,0.01845494309595728,4.543807944958513e-08,0.0,0.12132320767273118,0.0,0.6178779296570234,0.1339712918660287,0.17703349282296652,0.9138755980861243,0.6111602753195674,0.5089478859390364,0.17310717797443462,0.06912487708947887,SAGE HILL,NORTH,51.1755633,-114.1406728231133,7894.0,0.06511274385609324,0.021281986318723082,0.247783126425133
SGL,0.001738658631602028,3.152051641013502e-08,0.0,0.014610197657560409,0.0356333602765925,0.3793531157542018,0.5,0.5,0.5,0.7123584380221548,0.5455783154898199,0.6438517234977412,0.18596447799987623,STONEGATE LANDING,NORTHEAST,51.1645988,-113.98664605113868,,,,
SHG,0.1556548345287827,0.16782461741253682,0.0,0.1216914106938826,0.0,0.5198948065322937,0.19617224880382775,0.2679425837320574,0.215311004784689,0.7582806573957016,0.4037926675094817,0.8922882427307206,0.6402022756005057,SHAGANAPPI,CENTRE,51.045768699999996,-114.12375550292703,1617.0,0.07544836116264687,0.027210884353741496,0.13358070500927643
SHI,0.010480040212088306,9.403779337714684e-07,0.0,0.06216915881126092,0.022474531296425408,0.4600951400127507,0.8995215311004785,0.8851674641148325,0.03827751196172249,0.38204804045512014,0.2834386852085967,0.21415929203539824,0.611378002528445,SHEPARD INDUSTRIAL,SOUTHEAST,50.9621829,-113.9916294515061,229.0,0.2314410480349345,0.09606986899563319,0.034934497816593885
SHN,0.2017827837582173,0.08145199866841601,0.0,0.19143365554466332,0.01512989489687108,0.6958340796131286,0.4784688995215311,0.49282296650717705,0.4354066985645933,0.4805694497883801,0.4070796460176991,0.7497595228934205,0.5859946133128127,SHAWNESSY,SOUTH,50.90342875,-114.07413381368848,9334.0,0.12952646239554316,0.04681808442254125,0.1600599957145918
SHS,0.04381933534068274,0.0004932875981641676,0.0,0.09324747071806591,0.0,0.6340444870954655,0.9856459330143541,0.9617224880382775,0.15789473684210525,0.061946902654867256,0.4690265486725664,0.7964601769911505,0.49557522123893805,SHAWNEE SLOPES,SOUTH,50.92620195,-114.085824822655,1906.0,0.3252885624344176,0.15005246589716684,0.11962224554039874
SHW,0.12857170648621594,5.787153490840057e-06,0.0,0.09344494359853465,0.06848885106925709,0.5939632026722157,0.11483253588516747,0.15311004784688995,0.8038277511961722,0.5599486154724522,0.5052811875535256,0.228447045389666,0.22380816443048815,SHERWOOD,NORTH,51.1600151,-114.15194055129624,6233.0,0.05871971763195893,0.017487566180009625,0.21562650409112788
SIG,0.08649052498663307,0.0003391925952506128,0.0,0.12506328267632671,0.02001651652197297,0.6279400405888411,0.8803827751196173,0.8899521531100478,0.2631578947368421,0.308205361790734,0.683270432066632,0.7344156689224363,0.9134239979177511,SIGNAL HILL,WEST,51.023817750000006,-114.17592977560824,13346.0,0.22261351715869923,0.09740746291023528,0.14461261801288774
SIL,0.1531539472734339,0.022485831772152673,0.0,0.14240603215784584,0.009872119602149872,0.564854601629061,0.8133971291866029,0.7081339712918661,0.5933014354066986,0.27008849557522124,0.052389380530973445,0.24530973451327434,0.9327433628318584,SILVER SPRINGS,NORTHWEST,51.104264900000004,-114.19628688548457,8658.0,0.19484869484869485,0.06375606375606375,0.17498267498267497
SKE,0.002562505720313543,0.004833472776537546,0.0,0.007888072496147413,0.0764502378451844,0.523728331400834,0.5,0.5,0.5,0.8407079646017699,0.4247787610619469,0.45132743362831856,0.7522123893805309,SKYLINE EAST,NORTHEAST,51.1002116,-114.040299270373,,,,
SKR,0.19085182950000568,4.560991085298213e-10,0.0,0.21279272966266358,0.0,0.6886901557505317,0.14354066985645933,0.21052631578947367,0.8516746411483254,0.6902654867256637,0.5663716814159292,0.6769911504424779,0.08849557522123894,SKYVIEW RANCH,NORTHEAST,51.15622525,-113.9583884164208,11468.0,0.06740495291245203,0.023107778165329614,0.22584583188001395
SKW,0.029913347964958346,0.02285178799239299,0.0,0.11473167183292077,0.05521406066596651,0.4044409075305059,0.5,0.5,0.5,0.8411996066863323,0.4523107177974435,0.4697640117994101,0.7394296951819075,SKYLINE WEST,NORTH,51.10326485,-114.04966983598584,,,,
SNA,0.21094690166318947,0.007904767327765527,0.0,0.11680558956464171,0.0,0.7787525746652936,0.023923444976076555,0.03827751196172249,0.06220095693779905,0.9203539823008849,0.3805309734513274,0.8141592920353983,0.13274336283185842,SUNALTA,CENTRE,51.042955199999994,-114.10148389204736,3224.0,0.02946650124069479,0.006823821339950372,0.06792803970223325
SOC,0.17674760682521126,0.0012870022169184409,0.0,0.3458476185789056,0.037797373630476416,0.6847820998685191,0.12440191387559808,0.13875598086124402,0.3062200956937799,0.8853405155829165,0.2724124663332051,0.567333589842247,0.5555983070411696,SOUTH CALGARY,CENTRE,51.02721875,-114.10208755629444,4435.0,0.06065388951521984,0.01713641488162345,0.15016910935738445
SOM,0.16733461424873627,0.02297367652216888,0.0,0.17155704611132755,0.0,0.6005897865184834,0.40669856459330145,0.48325358851674644,0.631578947368421,0.48360229047371156,0.6251952108276939,0.9385736595523164,0.2431025507548152,SOMERSET,SOUTH,50.8989034,-114.08138536399053,8513.0,0.11453071772583108,0.04639962410431105,0.179725126277458
SOV,0.16034042247750124,0.00590267202920785,0.0,0.18956797050130642,0.06540391560006066,0.5874782430143586,0.8373205741626795,0.8660287081339711,0.18181818181818182,0.9090909090909091,0.4908487530168946,0.5982502011263073,0.5665728077232501,SOUTHVIEW,EAST,51.034154650000005,-113.99735061164432,1800.0,0.20055555555555554,0.08777777777777777,0.12555555555555556
SOW,0.24871825802710326,0.007624441588950865,0.0,0.18958500381408733,0.031277437374923014,0.6671113815810005,0.45933014354066987,0.6650717703349283,0.41626794258373206,0.660096540627514,0.3427862697774202,0.7338428533118798,0.7408152319656744,SOUTHWOOD,SOUTH,50.95855015,-114.08320471902113,6227.0,0.12670627910711418,0.060863979444355225,0.15962742893849366
SPH,0.12851060306610818,8.016523867957698e-06,0.0,0.11356686720456981,0.02664860361682598,0.4818294278010669,0.3014354066985646,0.28708133971291866,0.84688995215311,0.35398230088495575,0.7787610619469026,0.4911504424778761,0.3008849557522124,SPRINGBANK HILL,WEST,51.0267697,-114.20990301688401,9922.0,0.09060673251360613,0.029026405966539003,0.22545857689981857
SPR,0.273049382606381,0.2989041516647295,0.0,0.21248719580087636,0.0,0.6065748606831309,0.6602870813397129,0.7320574162679427,0.47368421052631576,0.7522123893805308,0.5221238938053098,0.8407079646017699,0.8495575221238937,SPRUCE CLIFF,WEST,51.048203900000004,-114.13629225541612,4667.0,0.1566316691664881,0.06706663809727877,0.16348832226269552
SRI,0.07538073773830811,1.54606950879178e-05,0.0,0.030551891813460973,0.013058069298939611,0.3871292406473962,0.5,0.5,0.5,0.6902654867256637,0.5663716814159292,0.6769911504424779,0.08849557522123894,SADDLE RIDGE INDUSTRIAL,NORTHEAST,51.1251865,-113.97584303711758,,,,
SSD,0.2230052061925035,0.012392032120781077,0.0,0.17317557242807266,0.045461378472436725,0.6806732359641732,0.19138755980861244,0.16267942583732056,0.0861244019138756,0.7507374631268438,0.14985250737463127,0.6107669616519175,0.6831858407079646,SUNNYSIDE,CENTRE,51.056424899999996,-114.07904624258651,4197.0,0.07529187514891589,0.019776030497974745,0.08625208482249226
SSW,0.1938985745534006,0.02442676635970183,0.0,0.1355788655781042,0.0997473967449874,0.5496182213483964,0.6650717703349283,0.7655502392344498,0.7607655502392344,0.920353982300885,0.3805309734513274,0.8141592920353983,0.13274336283185842,SCARBORO/SUNALTA WEST,CENTRE,51.0424617,-114.11486377737477,393.0,0.16030534351145037,0.0737913486005089,0.2035623409669211
ST1,0.03398144771616033,7.047592752335411e-05,0.0,0.004911906594076559,0.03453447923547386,0.3869271819838246,0.5,0.5,0.5,0.7940776038121171,0.475096437485818,0.4286646244610846,0.6988881325164511,STONEY 1,NORTH,51.1508981,-114.03220533464692,,,,
ST2,0.004620854087507613,7.432593206062949e-05,0.0,2.7848241560664553e-05,0.04583956573207206,0.4530760748577432,0.5,0.5,0.5,0.8407079646017699,0.4247787610619469,0.45132743362831856,0.7522123893805309,STONEY 2,NORTHEAST,51.14399825,-114.01687896102743,,,,
ST3,0.0019886343176287215,1.9637960448716406e-08,0.0,0.09400728176874462,0.0,0.45126495061323846,0.5,0.5,0.5,0.6902654867256637,0.5663716814159292,0.6769911504424779,0.08849557522123894,STONEY 3,NORTHEAST,51.15058915,-113.97584821222273,,,,
ST4,0.001328724526210171,4.271506298790557e-09,0.0,0.003142766020319252,0.02829206377732973,0.31392191742346215,0.5,0.5,0.5,0.645374094931617,0.5709573612228479,0.5323008849557522,0.2248592115848753,STONEY 4,NORTHEAST,51.1731085,-114.0308847481482,,,,
STA,0.35271176489968054,0.34607892914135585,0.0,0.11610649122053976,0.024259569727090494,0.6684488892619508,0.9904306220095693,0.9856459330143541,0.12440191387559808,0.7787610619469028,0.10619469026548672,0.38495575221238937,0.5575221238938053,ST. ANDREWS HEIGHTS,CENTRE,51.06455475,-114.12809694869475,1793.0,0.3268265476854434,0.17066369213608476,0.10764082543223648
STD,0.00039657790372640595,1.5965405032681735e-05,0.0,9.286007156643829e-07,0.006582125890830406,0.36710991120105435,0.5,0.5,0.5,0.7138643067846608,0.3510324483775811,0.3495575221238938,0.5752212389380531,STARFIELD,EAST,51.0053291,-113.94002866028057,,,,
STE,2.9095518246336323e-07,1.3928820534103208e-06,0.0,3.3576078672855306e-08,0.0,0.3139219174234622,0.5,0.5,0.5,0.7138643067846608,0.3510324483775811,0.3495575221238938,0.5752212389380531,STARFIELD EAST,EAST,51.00661465,-113.91666449414228,,,,
STR,0.212396278342013,0.001385313401416868,0.0,0.20866968393462337,0.0,0.61857661183829,0.631578947368421,0.5023923444976076,0.7464114832535885,0.31303658697662134,0.4040417382115969,0.571258750495311,0.6629243164707436,STRATHCONA PARK,WEST,51.047594000000004,-114.17772240258766,6842.0,0.1495176848874598,0.04866997953814674,0.1995030692779889
SUN,0.08393594348335766,0.18532183820009066,0.0,0.08222782718320089,0.0,0.7303723567884227,0.5,0.5,0.5,0.6902654867256637,0.5663716814159292,0.6769911504424779,0.08849557522123894,SUNRIDGE,NORTHEAST,51.07476135,-113.99171118816777,,,,
SVO,0.10895390158613004,0.006820941434238293,0.0,0.11397786882576595,0.04386665450199796,0.4229506222288634,0.06698564593301436,0.09569377990430622,0.9282296650717704,0.8059251010959386,0.4514446463107308,0.818027310555002,0.4287053859227568,SILVERADO,SOUTH,50.883562749999996,-114.07148630135505,7603.0,0.048007365513613044,0.013152702880441932,0.2520057871892674
SVR,0.003766389905799687,2.495333381933872e-09,0.0,0.0029357652543066,0.0,0.43506460069281905,0.5,0.5,0.5,0.5,0.5,0.5,0.5,SYMONS VALLEY RANCH,NORTH,51.18597885,-114.1393961399234,,,,
TAR,0.24927644988883466,9.064716244652289e-06,0.0,0.1193925664694025,0.0,0.6873665855256998,0.1291866028708134,0.11961722488038277,0.9043062200956937,0.5423514538558786,0.979772439949431,0.7155499367888748,0.21238938053097348,TARADALE,NORTHEAST,51.1182537,-113.93401822589762,19002.0,0.0613619618987475,0.015524681612461845,0.24318492790232607
TEM,0.3243286463367179,0.03107134906474923,0.0,0.23384514815409008,0.0,0.658312109411572,0.4019138755980861,0.27751196172248804,0.7703349282296651,0.2920353982300885,0.8761061946902655,0.5353982300884956,0.4336283185840708,TEMPLE,NORTHEAST,51.08895785,-113.94678097552742,10954.0,0.11438743837867446,0.02848274602884791,0.20567829103523827
THO,0.23318151262634138,0.09349135885965143,0.0,0.2365040991282527,0.0,0.6723491508742444,0.6220095693779905,0.7129186602870813,0.5980861244019139,0.7462767105547162,0.6817396935031297,0.5570364774444204,0.6823872221023096,THORNCLIFFE,NORTH,51.103097500000004,-114.06879111175633,8762.0,0.1492809860762383,0.06516776991554439,0.17541657155900478
THS,0.0020745935836707524,3.424236265207191e-07,0.0,2.4407664295867367e-05,0.0,0.3139219174234622,0.5,0.5,0.5,0.5,0.5,0.5,0.5,TWINHILLS,EAST,51.04152755,-113.8771176732599,,,,
TUS,0.1371140554007259,0.00046964708090273125,0.0,0.14408911144389658,0.028454481783481405,0.5732872295549485,0.18181818181818182,0.2727272727272727,0.937799043062201,0.1169334791687382,0.25390275430048725,0.5707467435616984,0.19588346425375358,TUSCANY,NORTHWEST,51.12507645,-114.24449964033485,19836.0,0.07441016333938294,0.027727364387981446,0.2570074611816899
TUX,0.2773534370093582,0.0003074852952615905,0.0,0.2264836076294698,0.0,0.7957760128967325,0.3444976076555024,0.45933014354066987,0.291866028708134,0.9380530973451328,0.7876106194690266,0.8584070796460177,0.46017699115044247,TUXEDO PARK,CENTRE,51.073989600000004,-114.06187602898088,5308.0,0.1007912584777694,0.04333082140165787,0.1473247927656368
UMR,0.2738196494391346,0.027621803910470893,0.0,0.16113079737422695,0.0,0.7666771639246127,0.7177033492822966,0.6220095693779905,0.36363636363636365,0.5650308393671226,0.06275140788415125,0.21855725395548403,0.4411370340573881,UPPER MOUNT ROYAL,CENTRE,51.029993250000004,-114.0850326249562,2469.0,0.16808424463345484,0.056703118671526935,0.1547185095180235
UND,0.24710336494199564,0.3413181997482574,0.0,0.11240694197530439,0.008516838757368089,0.6993057281863703,0.007177033492822967,0.011961722488038277,1.0,0.4247787610619469,0.5353982300884956,0.9380530973451328,0.36283185840707965,UNIVERSITY DISTRICT,NORTHWEST,51.073983,-114.146474831723,695.0,0.0,0.0,0.4071942446043165
UNI,0.32074233177971434,0.16149657718216948,0.0,0.2282649525520491,0.012349416198183728,0.6767788596573354,0.41626794258373206,0.5502392344497608,0.20574162679425836,0.44247787610619466,0.5139380530973452,0.9103982300884956,0.37256637168141593,UNIVERSITY HEIGHTS,NORTHWEST,51.070360199999996,-114.1330786491738,2915.0,0.11629502572898799,0.050771869639794166,0.1320754716981132
UOC,0.1327341149692238,0.0699023599260252,0.0,0.09817264643766116,0.05936308497005353,0.6328647322468126,0.007177033492822967,0.011961722488038277,0.009569377990430622,0.42477876106194695,0.5353982300884956,0.9380530973451326,0.36283185840707965,UNIVERSITY OF CALGARY,NORTHWEST,51.07496595,-114.12992794525941,2363.0,0.0,0.0,0.0
VAF,0.009800221010486639,2.1686275744602006e-05,0.0,0.03528311727475681,0.006385498793199311,0.5583964758562578,0.5,0.5,0.5,0.7046078730546232,0.4111992676228257,0.3495575221238938,0.5474519377479402,VALLEYFIELD,EAST,51.009140099999996,-114.00186640744458,,,,
VAL,0.0029586330415755937,6.649656849116303e-06,0.0,0.03492757925794618,0.031062878533070666,0.47200217647351184,0.722488038277512,0.6746411483253588,0.6602870813397129,0.04113405440839069,0.556811974216104,0.10668633235004917,0.5917731891183219,VALLEY RIDGE,WEST,51.095178250000004,-114.25133646271621,5581.0,0.17165382547930477,0.06110016126142268,0.18258376635011647
VAR,0.19376954761247692,0.013708979746561031,0.0,0.16074177257081715,0.05191032650212024,0.6208244030616793,0.9043062200956938,0.9473684210526314,0.21052631578947367,0.3673361242117535,0.3524455513751259,0.5449631710031265,0.9089608393831806,VARSITY,NORTHWEST,51.0960566,-114.16251727186648,12846.0,0.2352483263272614,0.1274326638642379,0.13257044994550832
VIS,0.23715484702949946,0.002375252682873184,0.0,0.20758436734334337,0.1535277596932011,0.5201391039444593,0.3062200956937799,0.3349282296650718,0.9665071770334929,0.8407079646017699,0.4247787610619469,0.45132743362831856,0.7522123893805309,VISTA HEIGHTS,NORTHEAST,51.07188945,-114.0177154592196,2368.0,0.09121621621621621,0.033361486486486486,0.27702702702702703
WAL,0.011945258894351158,5.606807719522061e-05,0.0,0.17966856255801575,0.023435472910360168,0.5778686062478544,0.31100478468899523,0.5358851674641149,0.8660287081339713,0.5676991150442477,0.07123893805309735,0.3862094395280236,0.3019174041297935,WALDEN,SOUTH,50.873050649999996,-114.0334271495573,6194.0,0.09218598643848885,0.05037132709073297,0.23006134969325154
WBN,0.1828497413051655,1.892505863116482e-06,0.0,0.12097339175174313,0.05989721690245259,0.5947959577754892,0.7368421052631579,0.4784688995215311,0.5454545454545454,0.34314159292035395,0.29977876106194695,0.19646017699115043,0.7011061946902655,WOODBINE,SOUTH,50.9398859,-114.12964203641408,8844.0,0.17458163726820444,0.04556761646313885,0.1689280868385346
WES,0.16884730023911623,0.0016331336025066654,0.0,0.16686901936234524,0.020813918182308103,0.638703743174896,0.5,0.5,0.5,0.6902654867256638,0.5663716814159292,0.6769911504424779,0.08849557522123894,WESTWINDS,NORTHEAST,51.1038319,-113.97554863746696,,,,
WGT,0.26891597544429074,0.02206150233268783,0.0,0.2455462403756336,0.0,0.5415241298351494,0.6507177033492823,0.6602870813397129,0.5741626794258373,0.7522123893805309,0.5221238938053098,0.8407079646017699,0.8495575221238938,WESTGATE,WEST,51.0454545,-114.15847606275018,3195.0,0.15555555555555556,0.060719874804381846,0.17339593114241
WHI,0.26046084726421065,0.046484697112677,0.0,0.1295614384621699,0.0,0.6709160834659676,0.5023923444976076,0.4880382775119617,0.7129186602870813,0.3185840707964602,0.8849557522123894,0.9513274336283186,0.5486725663716814,WHITEHORN,NORTHEAST,51.08976535,-113.97008057567979,11985.0,0.1345014601585315,0.04664163537755528,0.19107217355027117
WHL,0.178330073770251,0.06214990284307397,0.0,0.1996937673226825,0.12120219929573113,0.6528689963486565,0.39712918660287083,0.3827751196172249,0.69377990430622,0.774188790560472,0.14203539823008848,0.43709439528023597,0.5907079646017699,WEST HILLHURST,CENTRE,51.05511035,-114.11517285910014,6421.0,0.11431241239682292,0.03753309453356175,0.1887556455380782
WIL,0.22926132330484209,0.007106624485476348,0.0,0.19731781540883409,0.0,0.6370983888742876,0.8612440191387559,0.8995215311004785,0.3253588516746411,0.3528094679603369,0.20983047233180513,0.519778227956072,0.8688559547926218,WILLOW PARK,SOUTH,50.9566172,-114.05620751132145,5296.0,0.21771148036253776,0.10441842900302115,0.15124622356495468
WIN,0.16161955573205078,0.00011900430876077277,0.0,0.10418285727712569,0.01367027997268229,0.4483715482491635,0.48803827751196166,0.722488038277512,0.41148325358851673,0.8793793187052976,0.5689174445387319,0.6130440053339798,0.6361983270699478,WINSTON HEIGHTS/MOUNTVIEW,CENTRE,51.075262800000004,-114.041855773094,3599.0,0.13086968602389554,0.06640733537093638,0.15809947207557654
WLD,0.11571878179865643,0.04031841701217705,0.0,0.1645854250055364,0.00805128108707739,0.45858367628282104,0.5933014354066986,0.7511961722488039,0.7559808612440191,0.7449018853405156,0.5194305502116199,0.8364755675259715,0.8501987944081058,WILDWOOD,WEST,51.0589558,-114.15748358405192,2694.0,0.14550853749072012,0.06867112100965107,0.2030438010393467
WND,0.22357806850224116,0.016885633824041527,0.0,0.23986481897266806,0.0,0.5643303907148962,0.47368421052631576,0.583732057416268,0.1339712918660287,0.6043391378818156,0.18070225520982017,0.5079931487296603,0.7593491293177276,WINDSOR PARK,CENTRE,51.0050471,-114.08356750068248,4572.0,0.1283902012248469,0.0542432195975503,0.1141732283464567
WOO,0.18430514941141707,3.161716781049451e-05,0.0,0.13300567260946553,0.0,0.5364009842752062,0.784688995215311,0.5598086124401914,0.6842105263157895,0.1415929203539823,0.40707964601769914,0.5796460176991151,0.7964601769911505,WOODLANDS,SOUTH,50.941135349999996,-114.1061742608046,5987.0,0.18523467512944713,0.05094371137464507,0.1874060464339402
WSP,0.1777085105326014,5.3988323653917915e-05,0.0,0.22211293126596068,0.019046693243307083,0.5820594247435891,0.09569377990430622,0.12440191387559808,0.9856459330143541,0.32240152698247443,0.5120596911330905,0.40968245705361794,0.06992885649835155,WEST SPRINGS,WEST,51.060064249999996,-114.20669136186409,10718.0,0.056913603284194814,0.015954469117372645,0.28848665795857437
WWO,0.001978046127352249,0.00010639666246525071,0.0,0.017682743324201382,0.0,0.3625700881107678,0.5,0.5,0.5,0.5663716814159292,0.07079646017699115,0.38495575221238937,0.2920353982300885,WOLF WILLOW,SOUTH,50.87071365,-114.00864152896816,,,,
YKV,0.006842956013266194,8.03047084576175e-05,0.0,0.017074460807535954,0.0,0.3803902178322878,0.5,0.5,0.5,0.9026548672566371,0.6106194690265486,0.9823008849557522,0.22123893805309736,YORKVILLE,SOUTH,50.87024445,-114.08233972688126,,,,
