readingdate,station_name,parameter,value,units,latitude,longitude
2025-09-24T10:00:00.000,Calgary Varsity,Fine Particulate Matter,3.4,μg/m3,51.08272,-114.138994
2025-09-24T21:00:00.000,Calgary Southeast,Air Quality Health Index,4.0,,50.955122,-113.969742
2025-09-24T01:00:00.000,Calgary Southeast,Air Quality Health Index,3.0,,50.955122,-113.969742
2025-09-25T04:00:00.000,Calgary Southeast,Fine Particulate Matter,7.4,μg/m3,50.955122,-113.969742
2025-09-24T00:00:00.000,Calgary Southeast,Air Quality Health Index,3.0,,50.955122,-113.969742
2025-09-24T23:00:00.000,Calgary Central Inglewood,Fine Particulate Matter,10.5,μg/m3,51.030789,-114.008836
2025-09-24T05:00:00.000,Calgary Southeast,Fine Particulate Matter,8.6,μg/m3,50.955122,-113.969742
2025-12-07T00:00:00.000,Calgary Central Inglewood,Air Quality Health Index,3.0,,51.030789,-114.008836
2025-12-07T19:00:00.000,Calgary Southeast,Air Quality Health Index,5.0,,50.955122,-113.969742
2025-12-07T03:00:00.000,Calgary Central Inglewood,Fine Particulate Matter,20.1,μg/m3,51.030789,-114.008836
2025-12-07T06:00:00.000,Calgary Central Inglewood,Fine Particulate Matter,23.8,μg/m3,51.030789,-114.008836
2025-12-07T03:00:00.000,Calgary Varsity,Fine Particulate Matter,12.2,μg/m3,51.08272,-114.138994
2025-12-07T07:00:00.000,Calgary Central Inglewood,Air Quality Health Index,5.0,,51.030789,-114.008836
2025-12-07T23:00:00.000,Calgary Varsity,Fine Particulate Matter,2.0,μg/m3,51.08272,-114.138994
2025-12-07T10:00:00.000,Calgary Varsity,Air Quality Health Index,4.0,,51.08272,-114.138994
2025-12-07T00:00:00.000,Calgary Varsity,Fine Particulate Matter,14.4,μg/m3,51.08272,-114.138994
2025-12-07T13:00:00.000,Calgary Southeast,Air Quality Health Index,4.0,,50.955122,-113.969742
2025-10-14T03:00:00.000,Calgary Southeast,Air Quality Health Index,1.0,,50.955122,-113.969742
2025-10-14T14:00:00.000,Calgary Central Inglewood,Air Quality Health Index,1.0,,51.030789,-114.008836
2025-10-14T07:00:00.000,Calgary Southeast,Air Quality Health Index,2.0,,50.955122,-113.969742
2025-10-14T08:00:00.000,Calgary Central Inglewood,Air Quality Health Index,2.0,,51.030789,-114.008836
2025-10-14T15:00:00.000,Calgary Central Inglewood,Air Quality Health Index,1.0,,51.030789,-114.008836
2025-10-14T02:00:00.000,Calgary Southeast,Air Quality Health Index,1.0,,50.955122,-113.969742
2025-10-14T10:00:00.000,Calgary Central Inglewood,Air Quality Health Index,2.0,,51.030789,-114.008836
2025-10-14T06:00:00.000,Calgary Varsity,Air Quality Health Index,2.0,,51.08272,-114.138994
2025-10-14T15:00:00.000,Calgary Varsity,Air Quality Health Index,2.0,,51.08272,-114.138994
2025-10-14T01:00:00.000,Calgary Central Inglewood,Air Quality Health Index,2.0,,51.030789,-114.008836
2025-10-14T05:00:00.000,Calgary Southeast,Air Quality Health Index,1.0,,50.955122,-113.969742
2025-10-19T08:00:00.000,Calgary Southeast,Air Quality Health Index,2.0,,50.955122,-113.969742
2025-10-14T04:00:00.000,Calgary Varsity,Fine Particulate Matter,4.9,μg/m3,51.08272,-114.138994
2025-10-14T08:00:00.000,Calgary Southeast,Air Quality Health Index,2.0,,50.955122,-113.969742
2025-10-14T01:00:00.000,Calgary Varsity,Fine Particulate Matter,5.5,μg/m3,51.08272,-114.138994
2025-10-15T05:00:00.000,Calgary Varsity,Air Quality Health Index,2.0,,51.08272,-114.138994
2025-10-15T01:00:00.000,Calgary Central Inglewood,Air Quality Health Index,2.0,,51.030789,-114.008836
2025-10-14T09:00:00.000,Calgary Southeast,Fine Particulate Matter,5.4,μg/m3,50.955122,-113.969742
2025-10-14T20:00:00.000,Calgary Central Inglewood,Air Quality Health Index,2.0,,51.030789,-114.008836
2025-10-15T02:00:00.000,Calgary Varsity,Fine Particulate Matter,4.9,μg/m3,51.08272,-114.138994
2025-10-14T11:00:00.000,Calgary Southeast,Air Quality Health Index,1.0,,50.955122,-113.969742
2025-10-14T13:00:00.000,Calgary Central Inglewood,Air Quality Health Index,1.0,,51.030789,-114.008836
2025-10-15T00:00:00.000,Calgary Varsity,Air Quality Health Index,2.0,,51.08272,-114.138994
2025-10-14T19:00:00.000,Calgary Varsity,Fine Particulate Matter,3.7,μg/m3,51.08272,-114.138994
2025-10-15T00:00:00.000,Calgary Central Inglewood,Fine Particulate Matter,6.9,μg/m3,51.030789,-114.008836
2025-10-14T16:00:00.000,Calgary Central Inglewood,Fine Particulate Matter,4.2,μg/m3,51.030789,-114.008836
2025-10-14T05:00:00.000,Calgary Central Inglewood,Air Quality Health Index,2.0,,51.030789,-114.008836
2025-10-14T09:00:00.000,Calgary Varsity,Fine Particulate Matter,6.2,μg/m3,51.08272,-114.138994
2025-10-14T13:00:00.000,Calgary Southeast,Air Quality Health Index,1.0,,50.955122,-113.969742
2025-10-14T17:00:00.000,Calgary Varsity,Air Quality Health Index,2.0,,51.08272,-114.138994
2025-10-14T01:00:00.000,Calgary Southeast,Fine Particulate Matter,5.8,μg/m3,50.955122,-113.969742
2025-10-14T07:00:00.000,Calgary Central Inglewood,Fine Particulate Matter,8.3,μg/m3,51.030789,-114.008836
2025-10-14T19:00:00.000,Calgary Central Inglewood,Fine Particulate Matter,5.4,μg/m3,51.030789,-114.008836
2025-10-14T10:00:00.000,Calgary Varsity,Fine Particulate Matter,6.5,μg/m3,51.08272,-114.138994
2025-10-14T05:00:00.000,Calgary Varsity,Fine Particulate Matter,4.9,μg/m3,51.08272,-114.138994
2025-10-14T03:00:00.000,Calgary Central Inglewood,Air Quality Health Index,2.0,,51.030789,-114.008836
2025-10-14T17:00:00.000,Calgary Varsity,Fine Particulate Matter,3.3,μg/m3,51.08272,-114.138994
2025-10-14T11:00:00.000,Calgary Central Inglewood,Air Quality Health Index,1.0,,51.030789,-114.008836
2025-10-14T04:00:00.000,Calgary Central Inglewood,Fine Particulate Matter,6.9,μg/m3,51.030789,-114.008836
2025-10-15T01:00:00.000,Calgary Central Inglewood,Fine Particulate Matter,8.7,μg/m3,51.030789,-114.008836
2025-10-14T13:00:00.000,Calgary Varsity,Fine Particulate Matter,3.9,μg/m3,51.08272,-114.138994
2025-09-25T10:00:00.000,Calgary Southeast,Fine Particulate Matter,8.2,μg/m3,50.955122,-113.969742
2025-09-25T11:00:00.000,Calgary Varsity,Fine Particulate Matter,9.0,μg/m3,51.08272,-114.138994
2025-09-25T07:00:00.000,Calgary Central Inglewood,Air Quality Health Index,3.0,,51.030789,-114.008836
2025-09-24T07:00:00.000,Calgary Varsity,Air Quality Health Index,2.0,,51.08272,-114.138994
2025-10-14T21:00:00.000,Calgary Central Inglewood,Air Quality Health Index,2.0,,51.030789,-114.008836
2025-10-14T20:00:00.000,Calgary Varsity,Air Quality Health Index,2.0,,51.08272,-114.138994
2025-10-14T05:00:00.000,Calgary Varsity,Air Quality Health Index,2.0,,51.08272,-114.138994
2025-10-14T18:00:00.000,Calgary Central Inglewood,Fine Particulate Matter,4.8,μg/m3,51.030789,-114.008836
2025-10-14T18:00:00.000,Calgary Varsity,Air Quality Health Index,2.0,,51.08272,-114.138994
2025-10-15T03:00:00.000,Calgary Varsity,Fine Particulate Matter,5.0,μg/m3,51.08272,-114.138994
2025-10-14T23:00:00.000,Calgary Varsity,Air Quality Health Index,2.0,,51.08272,-114.138994
2025-10-14T08:00:00.000,Calgary Central Inglewood,Fine Particulate Matter,7.5,μg/m3,51.030789,-114.008836
2025-10-14T09:00:00.000,Calgary Central Inglewood,Air Quality Health Index,2.0,,51.030789,-114.008836
2025-10-14T20:00:00.000,Calgary Central Inglewood,Fine Particulate Matter,6.3,μg/m3,51.030789,-114.008836
2025-10-14T07:00:00.000,Calgary Varsity,Fine Particulate Matter,5.3,μg/m3,51.08272,-114.138994
2025-10-14T17:00:00.000,Calgary Central Inglewood,Air Quality Health Index,2.0,,51.030789,-114.008836
2025-10-14T11:00:00.000,Calgary Southeast,Fine Particulate Matter,4.7,μg/m3,50.955122,-113.969742
2025-10-14T07:00:00.000,Calgary Central Inglewood,Air Quality Health Index,2.0,,51.030789,-114.008836
2025-10-14T01:00:00.000,Calgary Central Inglewood,Fine Particulate Matter,8.0,μg/m3,51.030789,-114.008836
2025-10-15T03:00:00.000,Calgary Central Inglewood,Fine Particulate Matter,11.3,μg/m3,51.030789,-114.008836
2025-10-15T02:00:00.000,Calgary Central Inglewood,Air Quality Health Index,2.0,,51.030789,-114.008836
2025-10-14T10:00:00.000,Calgary Southeast,Air Quality Health Index,1.0,,50.955122,-113.969742
2025-10-14T14:00:00.000,Calgary Varsity,Air Quality Health Index,2.0,,51.08272,-114.138994
2025-10-14T14:00:00.000,Calgary Southeast,Air Quality Health Index,1.0,,50.955122,-113.969742
2025-10-15T01:00:00.000,Calgary Varsity,Fine Particulate Matter,5.4,μg/m3,51.08272,-114.138994
2025-09-15T20:00:00.000,Calgary Varsity,Fine Particulate Matter,20.3,μg/m3,51.08272,-114.138994
2025-09-16T16:00:00.000,Calgary Varsity,Fine Particulate Matter,16.2,μg/m3,51.08272,-114.138994
2025-09-16T10:00:00.000,Calgary Varsity,Fine Particulate Matter,22.1,μg/m3,51.08272,-114.138994
2025-09-15T18:00:00.000,Calgary Central Inglewood,Air Quality Health Index,3.0,,51.030789,-114.008836
2025-09-15T02:00:00.000,Calgary Southeast,Air Quality Health Index,3.0,,50.955122,-113.969742
2025-09-16T10:00:00.000,Calgary Central Inglewood,Air Quality Health Index,2.0,,51.030789,-114.008836
2025-09-15T08:00:00.000,Calgary Southeast,Fine Particulate Matter,15.8,μg/m3,50.955122,-113.969742
2025-09-15T22:00:00.000,Calgary Central Inglewood,Air Quality Health Index,3.0,,51.030789,-114.008836
2025-09-16T03:00:00.000,Calgary Varsity,Air Quality Health Index,2.0,,51.08272,-114.138994
2025-09-16T02:00:00.000,Calgary Varsity,Fine Particulate Matter,21.4,μg/m3,51.08272,-114.138994
2025-09-15T15:00:00.000,Calgary Central Inglewood,Fine Particulate Matter,25.6,μg/m3,51.030789,-114.008836
2025-09-16T11:00:00.000,Calgary Southeast,Fine Particulate Matter,22.4,μg/m3,50.955122,-113.969742
2025-09-16T04:00:00.000,Calgary Southeast,Air Quality Health Index,2.0,,50.955122,-113.969742
2025-09-16T09:00:00.000,Calgary Varsity,Fine Particulate Matter,22.0,μg/m3,51.08272,-114.138994
2025-09-15T04:00:00.000,Calgary Central Inglewood,Fine Particulate Matter,16.3,μg/m3,51.030789,-114.008836
2025-09-15T07:00:00.000,Calgary Southeast,Air Quality Health Index,3.0,,50.955122,-113.969742
2025-09-15T10:00:00.000,Calgary Southeast,Fine Particulate Matter,21.9,μg/m3,50.955122,-113.969742
2025-09-16T03:00:00.000,Calgary Varsity,Fine Particulate Matter,21.5,μg/m3,51.08272,-114.138994
2025-09-15T10:00:00.000,Calgary Varsity,Fine Particulate Matter,20.3,μg/m3,51.08272,-114.138994
2025-09-16T09:00:00.000,Calgary Southeast,Air Quality Health Index,2.0,,50.955122,-113.969742
2025-09-16T14:00:00.000,Calgary Central Inglewood,Fine Particulate Matter,21.2,μg/m3,51.030789,-114.008836
2025-09-16T12:00:00.000,Calgary Southeast,Air Quality Health Index,3.0,,50.955122,-113.969742
2025-09-15T09:00:00.000,Calgary Central Inglewood,Air Quality Health Index,3.0,,51.030789,-114.008836
2025-09-15T11:00:00.000,Calgary Southeast,Air Quality Health Index,4.0,,50.955122,-113.969742
2025-09-15T06:00:00.000,Calgary Varsity,Air Quality Health Index,3.0,,51.08272,-114.138994
2025-09-15T03:00:00.000,Calgary Varsity,Air Quality Health Index,2.0,,51.08272,-114.138994
2025-09-15T21:00:00.000,Calgary Southeast,Air Quality Health Index,4.0,,50.955122,-113.969742
2025-09-15T07:00:00.000,Calgary Central Inglewood,Air Quality Health Index,3.0,,51.030789,-114.008836
2025-09-15T01:00:00.000,Calgary Varsity,Air Quality Health Index,3.0,,51.08272,-114.138994
2025-09-16T06:00:00.000,Calgary Varsity,Air Quality Health Index,2.0,,51.08272,-114.138994
2025-09-15T14:00:00.000,Calgary Varsity,Fine Particulate Matter,21.0,μg/m3,51.08272,-114.138994
2025-09-15T01:00:00.000,Calgary Southeast,Fine Particulate Matter,17.1,μg/m3,50.955122,-113.969742
2025-09-16T10:00:00.000,Calgary Southeast,Fine Particulate Matter,25.0,μg/m3,50.955122,-113.969742
2025-09-15T22:00:00.000,Calgary Central Inglewood,Fine Particulate Matter,24.9,μg/m3,51.030789,-114.008836
2025-09-16T09:00:00.000,Calgary Varsity,Air Quality Health Index,2.0,,51.08272,-114.138994
2025-09-15T05:00:00.000,Calgary Central Inglewood,Air Quality Health Index,3.0,,51.030789,-114.008836
2025-09-16T13:00:00.000,Calgary Southeast,Fine Particulate Matter,19.7,μg/m3,50.955122,-113.969742
2025-09-16T00:00:00.000,Calgary Central Inglewood,Air Quality Health Index,3.0,,51.030789,-114.008836
2025-09-16T04:00:00.000,Calgary Varsity,Air Quality Health Index,2.0,,51.08272,-114.138994
2025-09-16T04:00:00.000,Calgary Varsity,Fine Particulate Matter,22.0,μg/m3,51.08272,-114.138994
2025-09-15T14:00:00.000,Calgary Central Inglewood,Air Quality Health Index,3.0,,51.030789,-114.008836
2025-09-16T15:00:00.000,Calgary Central Inglewood,Fine Particulate Matter,16.9,μg/m3,51.030789,-114.008836
2025-09-16T15:00:00.000,Calgary Varsity,Fine Particulate Matter,16.7,μg/m3,51.08272,-114.138994
2025-09-15T09:00:00.000,Calgary Southeast,Air Quality Health Index,3.0,,50.955122,-113.969742
2025-09-16T16:00:00.000,Calgary Varsity,Air Quality Health Index,4.0,,51.08272,-114.138994
2025-09-15T23:00:00.000,Calgary Southeast,Air Quality Health Index,4.0,,50.955122,-113.969742
2025-09-16T13:00:00.000,Calgary Varsity,Air Quality Health Index,3.0,,51.08272,-114.138994
2025-09-16T02:00:00.000,Calgary Central Inglewood,Air Quality Health Index,3.0,,51.030789,-114.008836
2025-09-15T19:00:00.000,Calgary Varsity,Fine Particulate Matter,14.5,μg/m3,51.08272,-114.138994
2025-09-15T04:00:00.000,Calgary Southeast,Fine Particulate Matter,16.4,μg/m3,50.955122,-113.969742
2025-09-15T19:00:00.000,Calgary Southeast,Fine Particulate Matter,22.4,μg/m3,50.955122,-113.969742
2025-09-15T15:00:00.000,Calgary Southeast,Air Quality Health Index,4.0,,50.955122,-113.969742
2025-09-15T11:00:00.000,Calgary Central Inglewood,Fine Particulate Matter,23.4,μg/m3,51.030789,-114.008836
2025-09-16T12:00:00.000,Calgary Central Inglewood,Air Quality Health Index,3.0,,51.030789,-114.008836
2025-09-15T05:00:00.000,Calgary Varsity,Fine Particulate Matter,15.3,μg/m3,51.08272,-114.138994
2025-09-15T14:00:00.000,Calgary Southeast,Fine Particulate Matter,22.9,μg/m3,50.955122,-113.969742
2025-09-15T09:00:00.000,Calgary Southeast,Fine Particulate Matter,18.9,μg/m3,50.955122,-113.969742
2025-09-15T04:00:00.000,Calgary Varsity,Fine Particulate Matter,15.7,μg/m3,51.08272,-114.138994
2025-09-15T12:00:00.000,Calgary Southeast,Air Quality Health Index,4.0,,50.955122,-113.969742
2025-09-16T06:00:00.000,Calgary Central Inglewood,Air Quality Health Index,2.0,,51.030789,-114.008836
2025-09-15T02:00:00.000,Calgary Central Inglewood,Air Quality Health Index,3.0,,51.030789,-114.008836
2025-09-16T03:00:00.000,Calgary Central Inglewood,Fine Particulate Matter,25.0,μg/m3,51.030789,-114.008836
2025-09-15T13:00:00.000,Calgary Southeast,Air Quality Health Index,4.0,,50.955122,-113.969742
2025-09-16T09:00:00.000,Calgary Southeast,Fine Particulate Matter,24.8,μg/m3,50.955122,-113.969742
2025-09-16T07:00:00.000,Calgary Central Inglewood,Air Quality Health Index,2.0,,51.030789,-114.008836
2025-09-16T02:00:00.000,Calgary Southeast,Fine Particulate Matter,23.9,μg/m3,50.955122,-113.969742
2025-09-16T02:00:00.000,Calgary Southeast,Air Quality Health Index,2.0,,50.955122,-113.969742
2025-09-15T17:00:00.000,Calgary Southeast,Air Quality Health Index,3.0,,50.955122,-113.969742
2025-09-15T16:00:00.000,Calgary Central Inglewood,Fine Particulate Matter,28.0,μg/m3,51.030789,-114.008836
2025-09-15T05:00:00.000,Calgary Southeast,Fine Particulate Matter,16.1,μg/m3,50.955122,-113.969742
2025-09-15T19:00:00.000,Calgary Central Inglewood,Air Quality Health Index,3.0,,51.030789,-114.008836
2025-09-16T06:00:00.000,Calgary Central Inglewood,Fine Particulate Matter,23.5,μg/m3,51.030789,-114.008836
2025-09-15T21:00:00.000,Calgary Varsity,Air Quality Health Index,3.0,,51.08272,-114.138994
2025-09-15T20:00:00.000,Calgary Central Inglewood,Air Quality Health Index,3.0,,51.030789,-114.008836
2025-09-16T13:00:00.000,Calgary Central Inglewood,Air Quality Health Index,3.0,,51.030789,-114.008836
2025-09-15T10:00:00.000,Calgary Central Inglewood,Air Quality Health Index,3.0,,51.030789,-114.008836
2025-09-16T06:00:00.000,Calgary Southeast,Fine Particulate Matter,22.8,μg/m3,50.955122,-113.969742
2025-09-15T03:00:00.000,Calgary Central Inglewood,Fine Particulate Matter,16.2,μg/m3,51.030789,-114.008836
2025-09-15T06:00:00.000,Calgary Southeast,Air Quality Health Index,3.0,,50.955122,-113.969742
2025-09-16T16:00:00.000,Calgary Central Inglewood,Air Quality Health Index,4.0,,51.030789,-114.008836
2025-09-15T15:00:00.000,Calgary Varsity,Fine Particulate Matter,23.4,μg/m3,51.08272,-114.138994
2025-09-16T08:00:00.000,Calgary Southeast,Air Quality Health Index,2.0,,50.955122,-113.969742
2025-09-16T06:00:00.000,Calgary Southeast,Air Quality Health Index,2.0,,50.955122,-113.969742
2025-09-16T12:00:00.000,Calgary Varsity,Fine Particulate Matter,21.2,μg/m3,51.08272,-114.138994
2025-09-16T05:00:00.000,Calgary Southeast,Fine Particulate Matter,22.2,μg/m3,50.955122,-113.969742
2025-09-15T20:00:00.000,Calgary Central Inglewood,Fine Particulate Matter,23.0,μg/m3,51.030789,-114.008836
2025-09-16T01:00:00.000,Calgary Southeast,Fine Particulate Matter,24.8,μg/m3,50.955122,-113.969742
2025-09-15T21:00:00.000,Calgary Southeast,Fine Particulate Matter,23.9,μg/m3,50.955122,-113.969742
2025-09-15T10:00:00.000,Calgary Southeast,Air Quality Health Index,3.0,,50.955122,-113.969742
2025-09-15T00:00:00.000,Calgary Southeast,Fine Particulate Matter,17.0,μg/m3,50.955122,-113.969742
2025-09-16T08:00:00.000,Calgary Southeast,Fine Particulate Matter,24.5,μg/m3,50.955122,-113.969742
2025-09-16T13:00:00.000,Calgary Varsity,Fine Particulate Matter,20.6,μg/m3,51.08272,-114.138994
2025-09-15T11:00:00.000,Calgary Varsity,Air Quality Health Index,3.0,,51.08272,-114.138994
2025-09-16T06:00:00.000,Calgary Varsity,Fine Particulate Matter,20.8,μg/m3,51.08272,-114.138994
2025-09-16T07:00:00.000,Calgary Central Inglewood,Fine Particulate Matter,23.4,μg/m3,51.030789,-114.008836
2025-09-16T03:00:00.000,Calgary Central Inglewood,Air Quality Health Index,3.0,,51.030789,-114.008836
2025-09-16T11:00:00.000,Calgary Southeast,Air Quality Health Index,2.0,,50.955122,-113.969742
2025-09-15T06:00:00.000,Calgary Central Inglewood,Air Quality Health Index,3.0,,51.030789,-114.008836
2025-09-15T14:00:00.000,Calgary Southeast,Air Quality Health Index,4.0,,50.955122,-113.969742
2025-09-16T18:00:00.000,Calgary Central Inglewood,Air Quality Health Index,3.0,,51.030789,-114.008836
2025-09-15T07:00:00.000,Calgary Central Inglewood,Fine Particulate Matter,15.6,μg/m3,51.030789,-114.008836
2025-09-15T16:00:00.000,Calgary Southeast,Air Quality Health Index,3.0,,50.955122,-113.969742
2025-09-15T11:00:00.000,Calgary Varsity,Fine Particulate Matter,22.4,μg/m3,51.08272,-114.138994
2025-09-15T17:00:00.000,Calgary Central Inglewood,Air Quality Health Index,3.0,,51.030789,-114.008836
2025-09-15T00:00:00.000,Calgary Southeast,Air Quality Health Index,3.0,,50.955122,-113.969742
2025-09-15T05:00:00.000,Calgary Southeast,Air Quality Health Index,3.0,,50.955122,-113.969742
2025-09-16T11:00:00.000,Calgary Varsity,Fine Particulate Matter,23.1,μg/m3,51.08272,-114.138994
2025-09-16T04:00:00.000,Calgary Central Inglewood,Fine Particulate Matter,26.9,μg/m3,51.030789,-114.008836
2025-09-15T20:00:00.000,Calgary Southeast,Fine Particulate Matter,22.4,μg/m3,50.955122,-113.969742
2025-09-15T13:00:00.000,Calgary Southeast,Fine Particulate Matter,25.6,μg/m3,50.955122,-113.969742
2025-09-16T01:00:00.000,Calgary Southeast,Air Quality Health Index,3.0,,50.955122,-113.969742
2025-09-16T14:00:00.000,Calgary Central Inglewood,Air Quality Health Index,3.0,,51.030789,-114.008836
2025-09-15T08:00:00.000,Calgary Varsity,Fine Particulate Matter,14.9,μg/m3,51.08272,-114.138994
2025-09-16T12:00:00.000,Calgary Central Inglewood,Fine Particulate Matter,21.4,μg/m3,51.030789,-114.008836
2025-09-15T03:00:00.000,Calgary Varsity,Fine Particulate Matter,16.5,μg/m3,51.08272,-114.138994
2025-09-16T10:00:00.000,Calgary Southeast,Air Quality Health Index,2.0,,50.955122,-113.969742
2025-09-16T02:00:00.000,Calgary Central Inglewood,Fine Particulate Matter,24.0,μg/m3,51.030789,-114.008836
2025-09-15T12:00:00.000,Calgary Central Inglewood,Air Quality Health Index,3.0,,51.030789,-114.008836
2025-09-16T13:00:00.000,Calgary Central Inglewood,Fine Particulate Matter,21.4,μg/m3,51.030789,-114.008836
2025-09-15T04:00:00.000,Calgary Central Inglewood,Air Quality Health Index,3.0,,51.030789,-114.008836
2025-09-15T10:00:00.000,Calgary Varsity,Air Quality Health Index,3.0,,51.08272,-114.138994
2025-09-15T02:00:00.000,Calgary Varsity,Air Quality Health Index,2.0,,51.08272,-114.138994
2025-09-15T12:00:00.000,Calgary Central Inglewood,Fine Particulate Matter,26.1,μg/m3,51.030789,-114.008836
2025-09-15T23:00:00.000,Calgary Central Inglewood,Air Quality Health Index,3.0,,51.030789,-114.008836
2025-09-15T13:00:00.000,Calgary Central Inglewood,Fine Particulate Matter,23.8,μg/m3,51.030789,-114.008836
2025-09-16T14:00:00.000,Calgary Southeast,Air Quality Health Index,3.0,,50.955122,-113.969742
2025-09-16T01:00:00.000,Calgary Central Inglewood,Air Quality Health Index,3.0,,51.030789,-114.008836
2025-09-15T02:00:00.000,Calgary Central Inglewood,Fine Particulate Matter,16.0,μg/m3,51.030789,-114.008836
2025-09-16T08:00:00.000,Calgary Varsity,Air Quality Health Index,2.0,,51.08272,-114.138994
2025-09-16T14:00:00.000,Calgary Southeast,Fine Particulate Matter,19.4,μg/m3,50.955122,-113.969742
2025-09-16T16:00:00.000,Calgary Southeast,Fine Particulate Matter,14.5,μg/m3,50.955122,-113.969742
2025-09-16T13:00:00.000,Calgary Southeast,Air Quality Health Index,3.0,,50.955122,-113.969742
2025-09-15T11:00:00.000,Calgary Central Inglewood,Air Quality Health Index,3.0,,51.030789,-114.008836
2025-09-15T03:00:00.000,Calgary Southeast,Air Quality Health Index,3.0,,50.955122,-113.969742
2025-09-16T07:00:00.000,Calgary Southeast,Fine Particulate Matter,22.8,μg/m3,50.955122,-113.969742
2025-09-15T22:00:00.000,Calgary Southeast,Fine Particulate Matter,25.3,μg/m3,50.955122,-113.969742
2025-09-16T14:00:00.000,Calgary Varsity,Fine Particulate Matter,18.8,μg/m3,51.08272,-114.138994
2025-09-16T05:00:00.000,Calgary Southeast,Air Quality Health Index,2.0,,50.955122,-113.969742
2025-09-15T09:00:00.000,Calgary Central Inglewood,Fine Particulate Matter,18.5,μg/m3,51.030789,-114.008836
2025-09-16T10:00:00.000,Calgary Central Inglewood,Fine Particulate Matter,27.3,μg/m3,51.030789,-114.008836
2025-09-15T01:00:00.000,Calgary Southeast,Air Quality Health Index,3.0,,50.955122,-113.969742
2025-09-15T12:00:00.000,Calgary Southeast,Fine Particulate Matter,26.5,μg/m3,50.955122,-113.969742
2025-09-16T17:00:00.000,Calgary Varsity,Air Quality Health Index,4.0,,51.08272,-114.138994
2025-09-15T16:00:00.000,Calgary Varsity,Fine Particulate Matter,23.5,μg/m3,51.08272,-114.138994
2025-09-16T07:00:00.000,Calgary Southeast,Air Quality Health Index,2.0,,50.955122,-113.969742
2025-09-16T08:00:00.000,Calgary Central Inglewood,Fine Particulate Matter,24.8,μg/m3,51.030789,-114.008836
2025-09-15T20:00:00.000,Calgary Southeast,Air Quality Health Index,3.0,,50.955122,-113.969742
2025-09-16T15:00:00.000,Calgary Southeast,Air Quality Health Index,3.0,,50.955122,-113.969742
2025-09-15T19:00:00.000,Calgary Central Inglewood,Fine Particulate Matter,21.8,μg/m3,51.030789,-114.008836
2025-09-15T17:00:00.000,Calgary Southeast,Fine Particulate Matter,24.3,μg/m3,50.955122,-113.969742
2025-09-15T06:00:00.000,Calgary Southeast,Fine Particulate Matter,15.0,μg/m3,50.955122,-113.969742
2025-09-16T05:00:00.000,Calgary Central Inglewood,Air Quality Health Index,3.0,,51.030789,-114.008836
2025-09-16T09:00:00.000,Calgary Central Inglewood,Fine Particulate Matter,24.3,μg/m3,51.030789,-114.008836
2025-09-15T21:00:00.000,Calgary Central Inglewood,Air Quality Health Index,3.0,,51.030789,-114.008836
2025-09-16T17:00:00.000,Calgary Southeast,Fine Particulate Matter,15.4,μg/m3,50.955122,-113.969742
2025-09-16T03:00:00.000,Calgary Southeast,Fine Particulate Matter,23.0,μg/m3,50.955122,-113.969742
2025-09-16T08:00:00.000,Calgary Central Inglewood,Air Quality Health Index,2.0,,51.030789,-114.008836
2025-09-16T17:00:00.000,Calgary Southeast,Air Quality Health Index,3.0,,50.955122,-113.969742
2025-09-15T16:00:00.000,Calgary Southeast,Fine Particulate Matter,24.8,μg/m3,50.955122,-113.969742
2025-09-15T12:00:00.000,Calgary Varsity,Fine Particulate Matter,24.4,μg/m3,51.08272,-114.138994
2025-09-16T17:00:00.000,Calgary Central Inglewood,Fine Particulate Matter,16.5,μg/m3,51.030789,-114.008836
2025-09-16T05:00:00.000,Calgary Varsity,Air Quality Health Index,2.0,,51.08272,-114.138994
2025-09-15T07:00:00.000,Calgary Varsity,Fine Particulate Matter,14.3,μg/m3,51.08272,-114.138994
2025-09-16T03:00:00.000,Calgary Southeast,Air Quality Health Index,2.0,,50.955122,-113.969742
2025-09-15T08:00:00.000,Calgary Southeast,Air Quality Health Index,3.0,,50.955122,-113.969742
2025-09-16T01:00:00.000,Calgary Varsity,Fine Particulate Matter,22.0,μg/m3,51.08272,-114.138994
2025-09-16T05:00:00.000,Calgary Varsity,Fine Particulate Matter,21.4,μg/m3,51.08272,-114.138994
2025-09-15T02:00:00.000,Calgary Varsity,Fine Particulate Matter,16.4,μg/m3,51.08272,-114.138994
2025-09-15T21:00:00.000,Calgary Central Inglewood,Fine Particulate Matter,24.6,μg/m3,51.030789,-114.008836
2025-09-15T02:00:00.000,Calgary Southeast,Fine Particulate Matter,16.8,μg/m3,50.955122,-113.969742
2025-09-15T17:00:00.000,Calgary Varsity,Fine Particulate Matter,21.1,μg/m3,51.08272,-114.138994
2025-09-15T01:00:00.000,Calgary Central Inglewood,Air Quality Health Index,3.0,,51.030789,-114.008836
2025-09-15T18:00:00.000,Calgary Southeast,Air Quality Health Index,3.0,,50.955122,-113.969742
2025-09-16T17:00:00.000,Calgary Central Inglewood,Air Quality Health Index,3.0,,51.030789,-114.008836
2025-09-15T05:00:00.000,Calgary Varsity,Air Quality Health Index,2.0,,51.08272,-114.138994
2025-09-15T06:00:00.000,Calgary Central Inglewood,Fine Particulate Matter,15.7,μg/m3,51.030789,-114.008836
2025-09-16T16:00:00.000,Calgary Southeast,Air Quality Health Index,3.0,,50.955122,-113.969742
2025-09-16T10:00:00.000,Calgary Varsity,Air Quality Health Index,2.0,,51.08272,-114.138994
2025-09-16T04:00:00.000,Calgary Southeast,Fine Particulate Matter,22.5,μg/m3,50.955122,-113.969742
2025-09-16T11:00:00.000,Calgary Central Inglewood,Air Quality Health Index,3.0,,51.030789,-114.008836
2025-09-16T16:00:00.000,Calgary Central Inglewood,Fine Particulate Matter,16.3,μg/m3,51.030789,-114.008836
2025-09-16T01:00:00.000,Calgary Varsity,Air Quality Health Index,3.0,,51.08272,-114.138994
2025-09-15T00:00:00.000,Calgary Central Inglewood,Fine Particulate Matter,15.7,μg/m3,51.030789,-114.008836
2025-09-16T14:00:00.000,Calgary Varsity,Air Quality Health Index,3.0,,51.08272,-114.138994
2025-09-16T00:00:00.000,Calgary Southeast,Air Quality Health Index,3.0,,50.955122,-113.969742
2025-09-15T04:00:00.000,Calgary Southeast,Air Quality Health Index,3.0,,50.955122,-113.969742
2025-09-16T01:00:00.000,Calgary Central Inglewood,Fine Particulate Matter,26.3,μg/m3,51.030789,-114.008836
2025-09-16T12:00:00.000,Calgary Southeast,Fine Particulate Matter,20.5,μg/m3,50.955122,-113.969742
2025-09-15T13:00:00.000,Calgary Central Inglewood,Air Quality Health Index,3.0,,51.030789,-114.008836
2025-09-15T22:00:00.000,Calgary Varsity,Fine Particulate Matter,24.7,μg/m3,51.08272,-114.138994
2025-09-15T01:00:00.000,Calgary Central Inglewood,Fine Particulate Matter,16.4,μg/m3,51.030789,-114.008836
2025-09-15T03:00:00.000,Calgary Central Inglewood,Air Quality Health Index,3.0,,51.030789,-114.008836
2025-09-15T09:00:00.000,Calgary Varsity,Fine Particulate Matter,19.2,μg/m3,51.08272,-114.138994
2025-09-16T07:00:00.000,Calgary Varsity,Air Quality Health Index,2.0,,51.08272,-114.138994
2025-09-15T00:00:00.000,Calgary Central Inglewood,Air Quality Health Index,3.0,,51.030789,-114.008836
2025-09-15T18:00:00.000,Calgary Central Inglewood,Fine Particulate Matter,23.0,μg/m3,51.030789,-114.008836
2025-09-16T00:00:00.000,Calgary Central Inglewood,Fine Particulate Matter,27.1,μg/m3,51.030789,-114.008836
2025-09-16T15:00:00.000,Calgary Central Inglewood,Air Quality Health Index,4.0,,51.030789,-114.008836
2025-09-15T23:00:00.000,Calgary Varsity,Fine Particulate Matter,24.2,μg/m3,51.08272,-114.138994
2025-09-15T07:00:00.000,Calgary Southeast,Fine Particulate Matter,15.4,μg/m3,50.955122,-113.969742
2025-09-15T22:00:00.000,Calgary Varsity,Air Quality Health Index,3.0,,51.08272,-114.138994
2025-09-15T22:00:00.000,Calgary Southeast,Air Quality Health Index,4.0,,50.955122,-113.969742
2025-09-15T07:00:00.000,Calgary Varsity,Air Quality Health Index,3.0,,51.08272,-114.138994
2025-09-16T15:00:00.000,Calgary Varsity,Air Quality Health Index,3.0,,51.08272,-114.138994
2025-09-16T04:00:00.000,Calgary Central Inglewood,Air Quality Health Index,3.0,,51.030789,-114.008836
2025-09-15T00:00:00.000,Calgary Varsity,Air Quality Health Index,3.0,,51.08272,-114.138994
2025-09-15T13:00:00.000,Calgary Varsity,Fine Particulate Matter,23.8,μg/m3,51.08272,-114.138994
2025-09-15T04:00:00.000,Calgary Varsity,Air Quality Health Index,2.0,,51.08272,-114.138994
2025-09-16T15:00:00.000,Calgary Southeast,Fine Particulate Matter,14.7,μg/m3,50.955122,-113.969742
2025-09-15T19:00:00.000,Calgary Southeast,Air Quality Health Index,3.0,,50.955122,-113.969742
2025-09-15T14:00:00.000,Calgary Central Inglewood,Fine Particulate Matter,22.0,μg/m3,51.030789,-114.008836
2025-09-15T11:00:00.000,Calgary Southeast,Fine Particulate Matter,24.3,μg/m3,50.955122,-113.969742
2025-09-16T09:00:00.000,Calgary Central Inglewood,Air Quality Health Index,2.0,,51.030789,-114.008836
2025-09-16T07:00:00.000,Calgary Varsity,Fine Particulate Matter,21.0,μg/m3,51.08272,-114.138994
2025-09-16T18:00:00.000,Calgary Varsity,Air Quality Health Index,4.0,,51.08272,-114.138994
2025-09-16T18:00:00.000,Calgary Southeast,Air Quality Health Index,3.0,,50.955122,-113.969742
2025-09-15T23:00:00.000,Calgary Southeast,Fine Particulate Matter,25.9,μg/m3,50.955122,-113.969742
2025-09-15T09:00:00.000,Calgary Varsity,Air Quality Health Index,3.0,,51.08272,-114.138994
2025-09-15T10:00:00.000,Calgary Central Inglewood,Fine Particulate Matter,20.7,μg/m3,51.030789,-114.008836
2025-09-16T08:00:00.000,Calgary Varsity,Fine Particulate Matter,21.5,μg/m3,51.08272,-114.138994
2025-09-15T18:00:00.000,Calgary Southeast,Fine Particulate Matter,23.1,μg/m3,50.955122,-113.969742
2025-09-15T15:00:00.000,Calgary Southeast,Fine Particulate Matter,23.8,μg/m3,50.955122,-113.969742
2025-09-15T23:00:00.000,Calgary Central Inglewood,Fine Particulate Matter,25.0,μg/m3,51.030789,-114.008836
2025-09-15T23:00:00.000,Calgary Varsity,Air Quality Health Index,3.0,,51.08272,-114.138994
2025-09-16T12:00:00.000,Calgary Varsity,Air Quality Health Index,3.0,,51.08272,-114.138994
2025-09-15T01:00:00.000,Calgary Varsity,Fine Particulate Matter,16.3,μg/m3,51.08272,-114.138994
2025-09-15T08:00:00.000,Calgary Varsity,Air Quality Health Index,3.0,,51.08272,-114.138994
2025-09-15T17:00:00.000,Calgary Central Inglewood,Fine Particulate Matter,26.6,μg/m3,51.030789,-114.008836
2025-09-15T05:00:00.000,Calgary Central Inglewood,Fine Particulate Matter,16.7,μg/m3,51.030789,-114.008836
2025-09-16T00:00:00.000,Calgary Southeast,Fine Particulate Matter,24.7,μg/m3,50.955122,-113.969742
2025-09-16T00:00:00.000,Calgary Varsity,Air Quality Health Index,3.0,,51.08272,-114.138994
2025-09-15T16:00:00.000,Calgary Central Inglewood,Air Quality Health Index,3.0,,51.030789,-114.008836
2025-09-16T11:00:00.000,Calgary Central Inglewood,Fine Particulate Matter,25.4,μg/m3,51.030789,-114.008836
2025-09-15T00:00:00.000,Calgary Varsity,Fine Particulate Matter,15.9,μg/m3,51.08272,-114.138994
2025-09-15T21:00:00.000,Calgary Varsity,Fine Particulate Matter,21.5,μg/m3,51.08272,-114.138994
2025-09-15T03:00:00.000,Calgary Southeast,Fine Particulate Matter,17.3,μg/m3,50.955122,-113.969742
2025-09-16T05:00:00.000,Calgary Central Inglewood,Fine Particulate Matter,24.1,μg/m3,51.030789,-114.008836
2025-09-16T17:00:00.000,Calgary Varsity,Fine Particulate Matter,15.8,μg/m3,51.08272,-114.138994
2025-09-15T15:00:00.000,Calgary Central Inglewood,Air Quality Health Index,3.0,,51.030789,-114.008836
2025-09-16T00:00:00.000,Calgary Varsity,Fine Particulate Matter,21.7,μg/m3,51.08272,-114.138994
2025-09-15T06:00:00.000,Calgary Varsity,Fine Particulate Matter,14.2,μg/m3,51.08272,-114.138994
2025-09-16T11:00:00.000,Calgary Varsity,Air Quality Health Index,2.0,,51.08272,-114.138994
2025-09-16T02:00:00.000,Calgary Varsity,Air Quality Health Index,3.0,,51.08272,-114.138994
2025-10-14T14:00:00.000,Calgary Varsity,Fine Particulate Matter,3.8,μg/m3,51.08272,-114.138994
2025-10-14T22:00:00.000,Calgary Central Inglewood,Air Quality Health Index,2.0,,51.030789,-114.008836
2025-10-14T16:00:00.000,Calgary Varsity,Air Quality Health Index,2.0,,51.08272,-114.138994
2025-10-14T02:00:00.000,Calgary Central Inglewood,Air Quality Health Index,2.0,,51.030789,-114.008836
2025-10-14T12:00:00.000,Calgary Southeast,Air Quality Health Index,1.0,,50.955122,-113.969742
2025-10-14T03:00:00.000,Calgary Varsity,Air Quality Health Index,2.0,,51.08272,-114.138994
2025-10-14T13:00:00.000,Calgary Southeast,Fine Particulate Matter,4.4,μg/m3,50.955122,-113.969742
2025-10-14T07:00:00.000,Calgary Southeast,Fine Particulate Matter,6.0,μg/m3,50.955122,-113.969742
2025-10-14T18:00:00.000,Calgary Central Inglewood,Air Quality Health Index,2.0,,51.030789,-114.008836
2025-10-14T03:00:00.000,Calgary Central Inglewood,Fine Particulate Matter,7.2,μg/m3,51.030789,-114.008836
2025-10-14T06:00:00.000,Calgary Central Inglewood,Air Quality Health Index,2.0,,51.030789,-114.008836
2025-10-14T23:00:00.000,Calgary Central Inglewood,Fine Particulate Matter,6.5,μg/m3,51.030789,-114.008836
2025-10-14T18:00:00.000,Calgary Varsity,Fine Particulate Matter,3.6,μg/m3,51.08272,-114.138994
2025-10-14T01:00:00.000,Calgary Southeast,Air Quality Health Index,2.0,,50.955122,-113.969742
2025-10-15T03:00:00.000,Calgary Varsity,Air Quality Health Index,2.0,,51.08272,-114.138994
2025-10-14T09:00:00.000,Calgary Varsity,Air Quality Health Index,2.0,,51.08272,-114.138994
2025-10-14T19:00:00.000,Calgary Varsity,Air Quality Health Index,2.0,,51.08272,-114.138994
2025-10-14T14:00:00.000,Calgary Southeast,Fine Particulate Matter,3.1,μg/m3,50.955122,-113.969742
2025-10-14T07:00:00.000,Calgary Varsity,Air Quality Health Index,2.0,,51.08272,-114.138994
2025-10-14T15:00:00.000,Calgary Southeast,Air Quality Health Index,1.0,,50.955122,-113.969742
2025-10-14T22:00:00.000,Calgary Varsity,Air Quality Health Index,2.0,,51.08272,-114.138994
2025-10-14T10:00:00.000,Calgary Central Inglewood,Fine Particulate Matter,7.2,μg/m3,51.030789,-114.008836
2025-10-14T00:00:00.000,Calgary Central Inglewood,Fine Particulate Matter,8.5,μg/m3,51.030789,-114.008836
2025-10-15T03:00:00.000,Calgary Central Inglewood,Air Quality Health Index,2.0,,51.030789,-114.008836
2025-10-14T11:00:00.000,Calgary Central Inglewood,Fine Particulate Matter,6.0,μg/m3,51.030789,-114.008836
2025-10-15T05:00:00.000,Calgary Varsity,Fine Particulate Matter,5.0,μg/m3,51.08272,-114.138994
2025-10-14T21:00:00.000,Calgary Central Inglewood,Fine Particulate Matter,6.5,μg/m3,51.030789,-114.008836
2025-10-15T02:00:00.000,Calgary Central Inglewood,Fine Particulate Matter,10.2,μg/m3,51.030789,-114.008836
2025-10-14T17:00:00.000,Calgary Central Inglewood,Fine Particulate Matter,4.4,μg/m3,51.030789,-114.008836
2025-10-14T10:00:00.000,Calgary Southeast,Fine Particulate Matter,5.8,μg/m3,50.955122,-113.969742
2025-10-14T23:00:00.000,Calgary Central Inglewood,Air Quality Health Index,2.0,,51.030789,-114.008836
2025-10-14T12:00:00.000,Calgary Central Inglewood,Fine Particulate Matter,5.3,μg/m3,51.030789,-114.008836
2025-10-14T04:00:00.000,Calgary Central Inglewood,Air Quality Health Index,2.0,,51.030789,-114.008836
2025-10-14T01:00:00.000,Calgary Varsity,Air Quality Health Index,2.0,,51.08272,-114.138994
2025-10-14T02:00:00.000,Calgary Varsity,Fine Particulate Matter,5.2,μg/m3,51.08272,-114.138994
2025-10-14T08:00:00.000,Calgary Varsity,Fine Particulate Matter,6.2,μg/m3,51.08272,-114.138994
2025-10-14T16:00:00.000,Calgary Central Inglewood,Air Quality Health Index,2.0,,51.030789,-114.008836
2025-10-15T04:00:00.000,Calgary Central Inglewood,Air Quality Health Index,2.0,,51.030789,-114.008836
2025-10-14T06:00:00.000,Calgary Central Inglewood,Fine Particulate Matter,8.0,μg/m3,51.030789,-114.008836
2025-10-14T06:00:00.000,Calgary Varsity,Fine Particulate Matter,5.0,μg/m3,51.08272,-114.138994
2025-10-14T09:00:00.000,Calgary Central Inglewood,Fine Particulate Matter,8.3,μg/m3,51.030789,-114.008836
2025-10-14T16:00:00.000,Calgary Varsity,Fine Particulate Matter,3.5,μg/m3,51.08272,-114.138994
2025-10-14T02:00:00.000,Calgary Southeast,Fine Particulate Matter,5.3,μg/m3,50.955122,-113.969742
2025-10-14T15:00:00.000,Calgary Central Inglewood,Fine Particulate Matter,4.3,μg/m3,51.030789,-114.008836
2025-10-14T21:00:00.000,Calgary Varsity,Air Quality Health Index,2.0,,51.08272,-114.138994
2025-10-14T20:00:00.000,Calgary Varsity,Fine Particulate Matter,4.0,μg/m3,51.08272,-114.138994
2025-10-14T00:00:00.000,Calgary Varsity,Air Quality Health Index,2.0,,51.08272,-114.138994
2025-10-14T12:00:00.000,Calgary Central Inglewood,Air Quality Health Index,1.0,,51.030789,-114.008836
2025-10-14T11:00:00.000,Calgary Varsity,Air Quality Health Index,2.0,,51.08272,-114.138994
2025-10-14T10:00:00.000,Calgary Varsity,Air Quality Health Index,2.0,,51.08272,-114.138994
2025-10-15T04:00:00.000,Calgary Varsity,Air Quality Health Index,2.0,,51.08272,-114.138994
2025-10-15T02:00:00.000,Calgary Varsity,Air Quality Health Index,2.0,,51.08272,-114.138994
2025-10-14T22:00:00.000,Calgary Central Inglewood,Fine Particulate Matter,6.3,μg/m3,51.030789,-114.008836
2025-10-14T00:00:00.000,Calgary Southeast,Fine Particulate Matter,6.4,μg/m3,50.955122,-113.969742
2025-10-14T09:00:00.000,Calgary Southeast,Air Quality Health Index,2.0,,50.955122,-113.969742
2025-10-15T04:00:00.000,Calgary Central Inglewood,Fine Particulate Matter,7.6,μg/m3,51.030789,-114.008836
2025-10-15T01:00:00.000,Calgary Varsity,Air Quality Health Index,2.0,,51.08272,-114.138994
2025-10-14T03:00:00.000,Calgary Southeast,Fine Particulate Matter,5.5,μg/m3,50.955122,-113.969742
2025-10-14T11:00:00.000,Calgary Varsity,Fine Particulate Matter,5.3,μg/m3,51.08272,-114.138994
2025-10-14T00:00:00.000,Calgary Central Inglewood,Air Quality Health Index,2.0,,51.030789,-114.008836
2025-10-14T06:00:00.000,Calgary Southeast,Air Quality Health Index,2.0,,50.955122,-113.969742
2025-10-14T14:00:00.000,Calgary Central Inglewood,Fine Particulate Matter,5.3,μg/m3,51.030789,-114.008836
2025-10-14T19:00:00.000,Calgary Central Inglewood,Air Quality Health Index,2.0,,51.030789,-114.008836
2025-10-15T05:00:00.000,Calgary Central Inglewood,Fine Particulate Matter,6.2,μg/m3,51.030789,-114.008836
